month_start,period,entity,region,actual_revenue,actual_cogs,actual_gross_profit,budget_revenue,budget_cogs,budget_gross_profit,revenue_variance,cogs_variance,gross_profit_variance,gross_margin_pct_actual,gross_margin_pct_budget,gross_margin_pct_variance,actual_total_opex,budget_total_opex,total_opex_variance,actual_ebitda,budget_ebitda,ebitda_variance,ebitda_margin_actual,ebitda_margin_budget,ebitda_margin_variance
2023-01-01,2023-01,Canada,Central,1866084.26,681176.26,1184908.0,1919153.04,713429.51,1245373.62,-53068.78,-32253.25,-60465.62,0.64,0.65,-0.01,436073.75,455832.54,-19758.79,748834.25,789541.08,-40706.83,0.4,0.41,-0.01
2023-01-01,2023-01,Canada,East,1854354.83,665981.54,1188373.31,1935722.14,696672.46,1243413.39,-81367.31,-30690.92,-55040.08,0.64,0.64,-0.0,419358.44,438102.24,-18743.8,769014.87,805311.15,-36296.28,0.41,0.42,-0.0
2023-01-01,2023-01,Canada,International,1531250.88,553295.28,977955.61,1606714.01,584934.84,1038160.42,-75463.13,-31639.56,-60204.81,0.64,0.65,-0.01,334022.87,347322.25,-13299.38,643932.74,690838.17,-46905.43,0.42,0.43,-0.01
2023-01-01,2023-01,Canada,West,2160337.32,783513.56,1376823.77,2286877.41,830662.69,1460718.45,-126540.09,-47149.13,-83894.68,0.64,0.64,-0.0,489009.14,514977.1,-25967.96,887814.63,945741.35,-57926.72,0.41,0.41,-0.0
2023-01-01,2023-01,UK,Central,1602600.33,582885.25,1019715.08,1697985.43,600140.73,1067818.77,-95385.1,-17255.48,-48103.69,0.64,0.63,0.01,354507.69,374255.86,-19748.17,665207.39,693562.91,-28355.52,0.42,0.41,0.01
2023-01-01,2023-01,UK,East,1539335.64,572662.11,966673.53,1621340.23,612539.15,1020117.44,-82004.59,-39877.04,-53443.91,0.63,0.63,-0.0,352545.66,370010.16,-17464.5,614127.87,650107.28,-35979.41,0.4,0.4,-0.0
2023-01-01,2023-01,UK,International,1347613.08,499224.92,848388.17,1403329.38,525286.19,884685.14,-55716.3,-26061.27,-36296.97,0.63,0.63,-0.0,293036.01,303140.94,-10104.93,555352.16,581544.2,-26192.04,0.41,0.41,-0.0
2023-01-01,2023-01,UK,West,1970553.67,700010.72,1270542.96,2049467.22,747178.09,1336071.28,-78913.55,-47167.37,-65528.32,0.64,0.65,-0.01,423460.17,444026.08,-20565.91,847082.79,892045.2,-44962.41,0.43,0.44,-0.01
2023-01-01,2023-01,USA,Central,2730710.88,979122.61,1751588.27,2879928.22,1033580.68,1833998.0,-149217.34,-54458.07,-82409.73,0.64,0.64,0.0,573447.67,578189.09,-4741.42,1178140.6,1255808.91,-77668.31,0.43,0.44,-0.0
2023-01-01,2023-01,USA,East,2536519.27,929193.76,1607325.49,2633511.32,950863.34,1701634.64,-96992.05,-21669.58,-94309.15,0.63,0.65,-0.01,565156.57,583277.9,-18121.33,1042168.92,1118356.74,-76187.82,0.41,0.42,-0.01
2023-01-01,2023-01,USA,International,2122295.45,802899.98,1319395.48,2240243.31,834362.72,1392171.38,-117947.86,-31462.74,-72775.9,0.62,0.62,0.0,483011.81,492900.63,-9888.82,836383.67,899270.75,-62887.08,0.39,0.4,-0.01
2023-01-01,2023-01,USA,West,2821823.72,1040648.73,1781174.98,2875802.13,1084043.26,1889224.08,-53978.41,-43394.53,-108049.1,0.63,0.66,-0.03,686688.26,727470.69,-40782.43,1094486.72,1161753.39,-67266.67,0.39,0.4,-0.02
2023-02-01,2023-02,Canada,Central,2052019.8,758168.16,1293851.64,2138323.97,793186.03,1348565.5,-86304.17,-35017.87,-54713.86,0.63,0.63,-0.0,435030.7,448439.69,-13408.99,858820.94,900125.81,-41304.87,0.42,0.42,-0.0
2023-02-01,2023-02,Canada,East,1917652.1,689355.53,1228296.56,2053626.16,728217.32,1288865.99,-135974.06,-38861.79,-60569.43,0.64,0.63,0.01,409381.45,427411.28,-18029.83,818915.11,861454.71,-42539.6,0.43,0.42,0.01
2023-02-01,2023-02,Canada,International,1601967.19,594047.66,1007919.52,1664615.29,623504.36,1059076.85,-62648.1,-29456.7,-51157.33,0.63,0.64,-0.01,352653.61,364152.32,-11498.71,655265.91,694924.53,-39658.62,0.41,0.42,-0.01
2023-02-01,2023-02,Canada,West,2211398.82,801333.07,1410065.76,2328948.46,847862.45,1500426.31,-117549.64,-46529.38,-90360.55,0.64,0.64,-0.01,511238.13,527186.14,-15948.01,898827.63,973240.17,-74412.54,0.41,0.42,-0.01
2023-02-01,2023-02,UK,Central,1726381.57,619924.78,1106456.81,1795176.7,655824.11,1165224.59,-68795.13,-35899.33,-58767.78,0.64,0.65,-0.01,361670.8,367408.76,-5737.96,744786.01,797815.83,-53029.82,0.43,0.44,-0.01
2023-02-01,2023-02,UK,East,1638623.73,609556.74,1029066.99,1742920.58,644789.86,1088694.5,-104296.85,-35233.12,-59627.51,0.63,0.62,0.0,352536.46,368335.64,-15799.18,676530.53,720358.86,-43828.33,0.41,0.41,-0.0
2023-02-01,2023-02,UK,International,1278158.07,469456.32,808701.75,1344285.63,488077.39,850334.53,-66127.56,-18621.07,-41632.78,0.63,0.63,0.0,289736.43,300228.09,-10491.66,518965.32,550106.44,-31141.12,0.41,0.41,-0.0
2023-02-01,2023-02,UK,West,2052546.53,740059.2,1312487.29,2137991.06,779142.87,1418479.15,-85444.53,-39083.67,-105991.86,0.64,0.66,-0.02,419705.02,428681.43,-8976.41,892782.27,989797.72,-97015.45,0.44,0.46,-0.03
2023-02-01,2023-02,USA,Central,2666448.82,967880.66,1698568.17,2829762.67,1016954.98,1776409.68,-163313.85,-49074.32,-77841.51,0.64,0.63,0.01,592347.78,623410.95,-31063.17,1106220.39,1152998.73,-46778.34,0.41,0.41,0.01
2023-02-01,2023-02,USA,East,2469104.66,903097.01,1566007.65,2575185.3,961586.95,1655525.26,-106080.64,-58489.94,-89517.61,0.63,0.64,-0.01,558497.73,585818.6,-27320.87,1007509.92,1069706.66,-62196.74,0.41,0.42,-0.01
2023-02-01,2023-02,USA,International,1994106.44,717469.55,1276636.88,2074636.32,741251.43,1371788.54,-80529.88,-23781.88,-95151.66,0.64,0.66,-0.02,474477.28,501623.03,-27145.75,802159.6,870165.51,-68005.91,0.4,0.42,-0.02
2023-02-01,2023-02,USA,West,3021914.95,1084283.45,1937631.5,3155598.6,1147191.36,2015731.41,-133683.65,-62907.91,-78099.91,0.64,0.64,0.0,668431.78,699787.85,-31356.07,1269199.72,1315943.56,-46743.84,0.42,0.42,0.0
2023-03-01,2023-03,Canada,Central,2033983.87,747015.23,1286968.62,2139890.14,790906.88,1358163.99,-105906.27,-43891.65,-71195.37,0.63,0.63,-0.0,436638.34,461575.36,-24937.02,850330.28,896588.63,-46258.35,0.42,0.42,-0.0
2023-03-01,2023-03,Canada,East,1933269.72,695649.75,1237619.97,2064009.67,739675.26,1271808.66,-130739.95,-44025.51,-34188.69,0.64,0.62,0.02,421782.67,434619.38,-12836.71,815837.3,837189.28,-21351.98,0.42,0.41,0.02
2023-03-01,2023-03,Canada,International,1594158.6,575814.28,1018344.33,1688213.53,599338.7,1084312.51,-94054.93,-23524.42,-65968.18,0.64,0.64,-0.0,359340.16,375785.59,-16445.43,659004.17,708526.92,-49522.75,0.41,0.42,-0.01
2023-03-01,2023-03,Canada,West,2412265.14,849845.51,1562419.66,2567150.97,897873.97,1638511.37,-154885.83,-48028.46,-76091.71,0.65,0.64,0.01,511411.08,529039.95,-17628.87,1051008.58,1109471.42,-58462.84,0.44,0.43,0.0
2023-03-01,2023-03,UK,Central,1870642.32,683563.69,1187078.63,1978764.43,715290.59,1242861.49,-108122.11,-31726.9,-55782.86,0.63,0.63,0.01,374525.0,395247.26,-20722.26,812553.63,847614.23,-35060.6,0.43,0.43,0.01
2023-03-01,2023-03,UK,East,1602742.45,588838.29,1013904.16,1675113.79,617430.66,1070382.39,-72371.34,-28592.37,-56478.23,0.63,0.64,-0.01,364770.87,375895.26,-11124.39,649133.29,694487.13,-45353.84,0.4,0.41,-0.01
2023-03-01,2023-03,UK,International,1394897.04,513303.57,881593.49,1462312.43,540076.86,924361.54,-67415.39,-26773.29,-42768.05,0.63,0.63,-0.0,297309.76,312328.18,-15018.42,584283.73,612033.36,-27749.63,0.42,0.42,0.0
2023-03-01,2023-03,UK,West,2072077.18,762368.91,1309708.25,2175495.19,797885.28,1387072.41,-103418.01,-35516.37,-77364.16,0.63,0.64,-0.01,424889.53,448811.6,-23922.07,884818.72,938260.81,-53442.09,0.43,0.43,-0.0
2023-03-01,2023-03,USA,Central,2738483.68,997239.78,1741243.9,2842509.01,1033031.74,1821766.08,-104025.33,-35791.96,-80522.18,0.64,0.64,-0.01,582366.77,603288.6,-20921.83,1158877.13,1218477.48,-59600.35,0.42,0.43,-0.01
2023-03-01,2023-03,USA,East,2648437.57,965437.7,1682999.86,2797196.07,1017243.68,1769637.7,-148758.5,-51805.98,-86637.84,0.64,0.63,0.0,544295.9,566927.88,-22631.98,1138703.96,1202709.82,-64005.86,0.43,0.43,0.0
2023-03-01,2023-03,USA,International,2145075.75,788307.51,1356768.25,2291575.26,834674.0,1443691.68,-146499.51,-46366.49,-86923.43,0.63,0.63,0.0,461961.87,468759.56,-6797.69,894806.38,974932.12,-80125.74,0.42,0.43,-0.01
2023-03-01,2023-03,USA,West,3160111.8,1165011.68,1995100.12,3298420.21,1205280.03,2101594.67,-138308.41,-40268.35,-106494.55,0.63,0.64,-0.01,666402.06,713582.67,-47180.61,1328698.06,1388012.0,-59313.94,0.42,0.42,-0.0
2023-04-01,2023-04,Canada,Central,2219345.54,817083.06,1402262.47,2331850.42,849493.78,1461443.99,-112504.88,-32410.72,-59181.52,0.63,0.63,0.01,450646.47,481868.55,-31222.08,951616.0,979575.44,-27959.44,0.43,0.42,0.01
2023-04-01,2023-04,Canada,East,1985387.28,731252.85,1254134.42,2101807.34,763941.47,1298450.04,-116420.06,-32688.62,-44315.62,0.63,0.62,0.01,412120.51,433518.62,-21398.11,842013.91,864931.42,-22917.51,0.42,0.41,0.01
2023-04-01,2023-04,Canada,International,1705978.8,609870.6,1096108.18,1767033.7,636072.98,1136733.04,-61054.9,-26202.38,-40624.86,0.64,0.64,-0.0,352572.18,368901.37,-16329.19,743536.0,767831.67,-24295.67,0.44,0.43,0.0
2023-04-01,2023-04,Canada,West,2385600.41,863565.96,1522034.47,2465938.31,921896.65,1606146.41,-80337.9,-58330.69,-84111.94,0.64,0.65,-0.01,511728.45,530241.47,-18513.02,1010306.02,1075904.94,-65598.92,0.42,0.44,-0.01
2023-04-01,2023-04,UK,Central,1927253.46,712845.18,1214408.28,2014649.43,760910.54,1272656.08,-87395.97,-48065.36,-58247.8,0.63,0.63,-0.0,381265.2,399536.72,-18271.52,833143.08,873119.36,-39976.28,0.43,0.43,-0.0
2023-04-01,2023-04,UK,East,1678765.1,610072.82,1068692.3,1786519.59,632061.34,1122207.7,-107754.49,-21988.52,-53515.4,0.64,0.63,0.01,348825.87,358920.59,-10094.72,719866.43,763287.11,-43420.68,0.43,0.43,0.0
2023-04-01,2023-04,UK,International,1475148.98,531038.05,944110.94,1527486.45,555526.64,982116.01,-52337.47,-24488.59,-38005.07,0.64,0.64,-0.0,304877.14,315764.15,-10887.01,639233.8,666351.86,-27118.06,0.43,0.44,-0.0
2023-04-01,2023-04,UK,West,2044172.66,738783.46,1305389.19,2164577.05,783381.06,1360969.11,-120404.39,-44597.6,-55579.92,0.64,0.63,0.01,431530.06,456236.59,-24706.53,873859.13,904732.52,-30873.39,0.43,0.42,0.01
2023-04-01,2023-04,USA,Central,2900136.14,1071387.06,1828749.07,2978407.4,1118033.25,1896181.59,-78271.26,-46646.19,-67432.52,0.63,0.64,-0.01,589136.87,611777.43,-22640.56,1239612.2,1284404.16,-44791.96,0.43,0.43,-0.0
2023-04-01,2023-04,USA,East,2633040.28,974206.3,1658834.01,2767471.6,1021817.86,1746682.23,-134431.32,-47611.56,-87848.22,0.63,0.63,-0.0,562709.73,593968.35,-31258.62,1096124.28,1152713.88,-56589.6,0.42,0.42,-0.0
2023-04-01,2023-04,USA,International,2284372.16,834936.16,1449436.02,2400623.59,865861.92,1516982.75,-116251.43,-30925.76,-67546.73,0.63,0.63,0.0,494094.25,505182.41,-11088.16,955341.77,1011800.34,-56458.57,0.42,0.42,-0.0
2023-04-01,2023-04,USA,West,3284667.86,1206960.13,2077707.76,3522107.78,1254163.54,2172067.92,-237439.92,-47203.41,-94360.16,0.63,0.62,0.02,691427.68,701196.94,-9769.26,1386280.08,1470870.98,-84590.9,0.42,0.42,0.0
2023-05-01,2023-05,Canada,Central,2185447.6,786500.15,1398947.46,2321144.21,830599.29,1472899.02,-135696.61,-44099.14,-73951.56,0.64,0.63,0.01,446711.16,484399.33,-37688.17,952236.3,988499.69,-36263.39,0.44,0.43,0.01
2023-05-01,2023-05,Canada,East,2065314.36,739466.85,1325847.54,2153537.07,774416.99,1405252.8,-88222.71,-34950.14,-79405.26,0.64,0.65,-0.01,421099.32,442844.56,-21745.24,904748.22,962408.24,-57660.02,0.44,0.45,-0.01
2023-05-01,2023-05,Canada,International,1813236.91,659002.14,1154234.78,1908190.32,693502.74,1243387.66,-94953.41,-34500.6,-89152.88,0.64,0.65,-0.01,336577.4,349273.09,-12695.69,817657.38,894114.57,-76457.19,0.45,0.47,-0.02
2023-05-01,2023-05,Canada,West,2477380.33,900584.38,1576795.94,2550252.76,944863.59,1650940.78,-72872.43,-44279.21,-74144.84,0.64,0.65,-0.01,497440.68,509827.3,-12386.62,1079355.26,1141113.48,-61758.22,0.44,0.45,-0.01
2023-05-01,2023-05,UK,Central,1837948.28,659466.79,1178481.53,1943755.32,693382.02,1247484.3,-105807.04,-33915.23,-69002.77,0.64,0.64,-0.0,372324.61,387186.77,-14862.16,806156.92,860297.53,-54140.61,0.44,0.44,-0.0
2023-05-01,2023-05,UK,East,1694545.42,619259.02,1075286.4,1780162.05,640925.92,1129652.24,-85616.63,-21666.9,-54365.84,0.63,0.63,0.0,370545.14,379350.19,-8805.05,704741.26,750302.05,-45560.79,0.42,0.42,-0.01
2023-05-01,2023-05,UK,International,1423738.26,522628.78,901109.47,1500143.7,549072.99,935326.12,-76405.44,-26444.21,-34216.65,0.63,0.62,0.01,299605.48,311119.0,-11513.52,601503.99,624207.12,-22703.13,0.42,0.42,0.01
2023-05-01,2023-05,UK,West,2098378.72,757862.19,1340516.53,2204942.94,783063.85,1387117.71,-106564.22,-25201.66,-46601.18,0.64,0.63,0.01,433707.02,454361.42,-20654.4,906809.51,932756.29,-25946.78,0.43,0.42,0.01
2023-05-01,2023-05,USA,Central,2966224.89,1099496.2,1866728.66,3165766.4,1153027.7,1948285.09,-199541.51,-53531.5,-81556.43,0.63,0.62,0.01,591199.05,611116.23,-19917.18,1275529.61,1337168.86,-61639.25,0.43,0.42,0.01
2023-05-01,2023-05,USA,East,2829166.35,1025963.93,1803202.41,2952090.64,1069066.93,1901810.29,-122924.29,-43103.0,-98607.88,0.64,0.64,-0.01,565456.46,590319.44,-24862.98,1237745.95,1311490.85,-73744.9,0.44,0.44,-0.01
2023-05-01,2023-05,USA,International,2492610.91,909820.24,1582790.66,2591737.93,963359.66,1699696.34,-99127.02,-53539.42,-116905.68,0.64,0.66,-0.02,490420.35,506766.21,-16345.86,1092370.31,1192930.13,-100559.82,0.44,0.46,-0.02
2023-05-01,2023-05,USA,West,3361892.03,1227838.82,2134053.2,3556544.3,1303321.2,2213739.96,-194652.27,-75482.38,-79686.76,0.63,0.62,0.01,707018.5,747797.65,-40779.15,1427034.7,1465942.31,-38907.61,0.42,0.41,0.01
2023-06-01,2023-06,Canada,Central,2242651.39,815532.38,1427119.01,2333955.03,866333.97,1490980.94,-91303.64,-50801.59,-63861.93,0.64,0.64,-0.0,446095.68,453639.72,-7544.04,981023.33,1037341.22,-56317.89,0.44,0.44,-0.01
2023-06-01,2023-06,Canada,East,2187249.46,799678.1,1387571.34,2264316.34,835894.12,1468396.11,-77066.88,-36216.02,-80824.77,0.63,0.65,-0.01,421283.6,433209.51,-11925.91,966287.74,1035186.6,-68898.86,0.44,0.46,-0.02
2023-06-01,2023-06,Canada,International,1841379.28,665532.73,1175846.53,1927346.81,712740.11,1209563.32,-85967.53,-47207.38,-33716.79,0.64,0.63,0.01,351561.82,365712.47,-14150.65,824284.71,843850.85,-19566.14,0.45,0.44,0.01
2023-06-01,2023-06,Canada,West,2637636.14,960312.54,1677323.61,2763439.3,1007909.55,1777440.37,-125803.16,-47597.01,-100116.76,0.64,0.64,-0.01,501575.68,525120.08,-23544.4,1175747.93,1252320.29,-76572.36,0.45,0.45,-0.01
2023-06-01,2023-06,UK,Central,1904653.88,686457.61,1218196.27,2024612.75,724828.51,1275999.1,-119958.87,-38370.9,-57802.83,0.64,0.63,0.01,382090.34,398485.62,-16395.28,836105.93,877513.48,-41407.55,0.44,0.43,0.01
2023-06-01,2023-06,UK,East,1787451.0,655851.31,1131599.72,1885927.46,697885.11,1181570.29,-98476.46,-42033.8,-49970.57,0.63,0.63,0.01,354277.6,373202.14,-18924.54,777322.12,808368.15,-31046.03,0.43,0.43,0.01
2023-06-01,2023-06,UK,International,1435477.55,527524.49,907953.05,1477799.21,549902.16,952432.0,-42321.66,-22377.67,-44478.95,0.63,0.64,-0.01,295338.21,303535.59,-8197.38,612614.84,648896.41,-36281.57,0.43,0.44,-0.01
2023-06-01,2023-06,UK,West,2180045.17,798569.84,1381475.33,2279830.11,841655.64,1449848.73,-99784.94,-43085.8,-68373.4,0.63,0.64,-0.0,432094.59,448156.94,-16062.35,949380.74,1001691.79,-52311.05,0.44,0.44,-0.0
2023-06-01,2023-06,USA,Central,2945269.57,1078463.32,1866806.25,3121530.63,1154134.24,1988700.43,-176261.06,-75670.92,-121894.18,0.63,0.64,-0.0,594252.8,607455.0,-13202.2,1272553.45,1381245.43,-108691.98,0.43,0.44,-0.01
2023-06-01,2023-06,USA,East,2808824.16,999965.45,1808858.7,2943677.08,1073164.73,1897418.27,-134852.92,-73199.28,-88559.57,0.64,0.64,-0.0,586003.27,606550.25,-20546.98,1222855.43,1290868.02,-68012.59,0.44,0.44,-0.0
2023-06-01,2023-06,USA,International,2473546.96,900251.54,1573295.44,2591605.8,925672.64,1637753.22,-118058.84,-25421.1,-64457.78,0.64,0.63,0.0,464523.88,481370.89,-16847.01,1108771.56,1156382.33,-47610.77,0.45,0.45,0.0
2023-06-01,2023-06,USA,West,3440064.57,1266754.98,2173309.58,3646108.66,1332417.54,2281471.81,-206044.09,-65662.56,-108162.23,0.63,0.63,0.01,680800.1,693938.5,-13138.4,1492509.48,1587533.31,-95023.83,0.43,0.44,-0.0
2023-07-01,2023-07,Canada,Central,2244043.74,817054.54,1426989.2,2377592.66,859434.69,1492791.24,-133548.92,-42380.15,-65802.04,0.64,0.63,0.01,443282.59,459898.1,-16615.51,983706.61,1032893.14,-49186.53,0.44,0.43,0.0
2023-07-01,2023-07,Canada,East,1935330.09,698900.53,1236429.56,2069092.54,735630.43,1296263.34,-133762.45,-36729.9,-59833.78,0.64,0.63,0.01,407422.6,432056.58,-24633.98,829006.96,864206.76,-35199.8,0.43,0.42,0.01
2023-07-01,2023-07,Canada,International,1768107.14,646615.59,1121491.57,1833809.46,680361.99,1163739.24,-65702.32,-33746.4,-42247.67,0.63,0.63,-0.0,359791.3,377061.76,-17270.46,761700.27,786677.48,-24977.21,0.43,0.43,0.0
2023-07-01,2023-07,Canada,West,2500353.37,921438.72,1578914.67,2606158.47,974178.37,1663514.38,-105805.1,-52739.65,-84599.71,0.63,0.64,-0.01,509005.44,523791.25,-14785.81,1069909.23,1139723.13,-69813.9,0.43,0.44,-0.01
2023-07-01,2023-07,UK,Central,1897389.07,684441.04,1212948.03,2045649.48,725923.37,1289309.24,-148260.41,-41482.33,-76361.21,0.64,0.63,0.01,377250.81,386694.59,-9443.78,835697.22,902614.65,-66917.43,0.44,0.44,-0.0
2023-07-01,2023-07,UK,East,1727306.27,622702.12,1104604.15,1806714.62,642212.03,1138238.32,-79408.35,-19509.91,-33634.17,0.64,0.63,0.01,353584.35,365495.06,-11910.71,751019.8,772743.26,-21723.46,0.43,0.43,0.01
2023-07-01,2023-07,UK,International,1533553.73,554427.23,979126.48,1588518.65,599150.75,1010281.09,-54964.92,-44723.52,-31154.61,0.64,0.64,0.0,299968.6,310419.64,-10451.04,679157.88,699861.45,-20703.57,0.44,0.44,0.0
2023-07-01,2023-07,UK,West,2180130.97,791428.81,1388702.15,2294145.95,832319.23,1483013.94,-114014.98,-40890.42,-94311.79,0.64,0.65,-0.01,439375.89,453481.65,-14105.76,949326.26,1029532.29,-80206.03,0.44,0.45,-0.01
2023-07-01,2023-07,USA,Central,2846417.26,1042814.68,1803602.6,3007998.5,1112076.88,1930298.05,-161581.24,-69262.2,-126695.45,0.63,0.64,-0.01,576036.33,599903.97,-23867.64,1227566.27,1330394.08,-102827.81,0.43,0.44,-0.01
2023-07-01,2023-07,USA,East,2798505.27,1015700.75,1782804.51,2883960.78,1072904.7,1858357.04,-85455.51,-57203.95,-75552.53,0.64,0.64,-0.01,574296.69,595207.63,-20910.94,1208507.82,1263149.41,-54641.59,0.43,0.44,-0.01
2023-07-01,2023-07,USA,International,2388579.84,864868.97,1523710.89,2488049.32,891827.96,1596008.36,-99469.48,-26958.99,-72297.47,0.64,0.64,-0.0,475190.08,491030.21,-15840.13,1048520.81,1104978.15,-56457.34,0.44,0.44,-0.01
2023-07-01,2023-07,USA,West,3486393.16,1255918.57,2230474.58,3679881.49,1302952.63,2337320.09,-193488.33,-47034.06,-106845.51,0.64,0.64,0.0,680955.48,722056.91,-41101.43,1549519.1,1615263.18,-65744.08,0.44,0.44,0.01
2023-08-01,2023-08,Canada,Central,2274434.35,840406.5,1434027.86,2365266.03,872372.36,1494724.59,-90831.68,-31965.86,-60696.73,0.63,0.63,-0.0,429504.77,452976.83,-23472.06,1004523.09,1041747.76,-37224.67,0.44,0.44,0.0
2023-08-01,2023-08,Canada,East,2062544.36,759518.63,1303025.72,2194160.8,803432.06,1338190.84,-131616.44,-43913.43,-35165.12,0.63,0.61,0.02,420596.98,442317.05,-21720.07,882428.74,895873.79,-13445.05,0.43,0.41,0.02
2023-08-01,2023-08,Canada,International,1619706.42,600375.08,1019331.31,1671120.31,634521.66,1061082.12,-51413.89,-34146.58,-41750.81,0.63,0.64,-0.01,351405.57,363195.73,-11790.16,667925.74,697886.39,-29960.65,0.41,0.42,-0.01
2023-08-01,2023-08,Canada,West,2496320.04,909414.01,1586905.99,2627721.17,952604.02,1674401.42,-131401.13,-43190.01,-87495.43,0.64,0.64,-0.0,518427.63,524051.85,-5624.22,1068478.36,1150349.57,-81871.21,0.43,0.44,-0.01
2023-08-01,2023-08,UK,Central,1840462.0,672334.58,1168127.41,1897178.42,703393.54,1245910.75,-56716.42,-31058.96,-77783.34,0.63,0.66,-0.02,384896.21,399897.45,-15001.24,783231.2,846013.3,-62782.1,0.43,0.45,-0.02
2023-08-01,2023-08,UK,East,1618887.95,596502.76,1022385.19,1694379.17,627387.92,1062603.84,-75491.22,-30885.16,-40218.65,0.63,0.63,0.0,359635.67,370068.43,-10432.76,662749.52,692535.41,-29785.89,0.41,0.41,0.0
2023-08-01,2023-08,UK,International,1536609.95,561387.04,975222.91,1605278.65,581872.78,1017773.59,-68668.7,-20485.74,-42550.68,0.63,0.63,0.0,305700.64,315891.36,-10190.72,669522.27,701882.23,-32359.96,0.44,0.44,-0.0
2023-08-01,2023-08,UK,West,2077796.86,761177.86,1316618.99,2180289.04,790691.27,1355089.62,-102492.18,-29513.41,-38470.63,0.63,0.62,0.01,445633.78,462805.53,-17171.75,870985.21,892284.09,-21298.88,0.42,0.41,0.01
2023-08-01,2023-08,USA,Central,2889912.89,1066146.52,1823766.36,3018827.86,1118869.02,1892633.14,-128914.97,-52722.5,-68866.78,0.63,0.63,0.0,578647.57,603687.38,-25039.81,1245118.79,1288945.76,-43826.97,0.43,0.43,0.0
2023-08-01,2023-08,USA,East,2682718.09,968079.72,1714638.35,2847258.72,1023387.49,1803876.44,-164540.63,-55307.77,-89238.09,0.64,0.63,0.01,562337.71,583096.1,-20758.39,1152300.64,1220780.34,-68479.7,0.43,0.43,0.0
2023-08-01,2023-08,USA,International,2364563.03,874514.82,1490048.21,2509198.84,924592.88,1553588.09,-144635.81,-50078.06,-63539.88,0.63,0.62,0.01,476571.74,489312.64,-12740.9,1013476.47,1064275.45,-50798.98,0.43,0.42,0.0
2023-08-01,2023-08,USA,West,3220240.35,1148944.02,2071296.33,3382741.14,1213208.86,2150509.48,-162500.79,-64264.84,-79213.15,0.64,0.64,0.01,687981.26,701653.6,-13672.34,1383315.07,1448855.88,-65540.81,0.43,0.43,0.0
2023-09-01,2023-09,Canada,Central,2373606.3,866166.37,1507439.92,2451009.98,911389.17,1602848.38,-77403.68,-45222.8,-95408.46,0.64,0.65,-0.02,453819.65,470012.19,-16192.54,1053620.27,1132836.19,-79215.92,0.44,0.46,-0.02
2023-09-01,2023-09,Canada,East,2117786.97,780129.19,1337657.76,2216693.52,820686.58,1413178.28,-98906.55,-40557.39,-75520.52,0.63,0.64,-0.01,431797.67,443870.73,-12073.06,905860.09,969307.55,-63447.46,0.43,0.44,-0.01
2023-09-01,2023-09,Canada,International,1815221.65,660312.68,1154908.97,1894855.5,700759.88,1201134.94,-79633.85,-40447.2,-46225.97,0.64,0.63,0.0,361919.53,377790.46,-15870.93,792989.44,823344.48,-30355.04,0.44,0.43,0.0
2023-09-01,2023-09,Canada,West,2559973.6,930013.68,1629959.91,2708795.27,966937.08,1746620.47,-148821.67,-36923.4,-116660.56,0.64,0.64,-0.01,503322.91,518175.07,-14852.16,1126637.0,1228445.4,-101808.4,0.44,0.45,-0.01
2023-09-01,2023-09,UK,Central,1926144.39,702692.6,1223451.8,2028688.04,749933.72,1275951.02,-102543.65,-47241.12,-52499.22,0.64,0.63,0.01,378968.89,392597.65,-13628.76,844482.91,883353.37,-38870.46,0.44,0.44,0.0
2023-09-01,2023-09,UK,East,1689669.51,608308.04,1081361.48,1777388.98,635543.92,1142429.07,-87719.47,-27235.88,-61067.59,0.64,0.64,-0.0,372092.77,384486.08,-12393.31,709268.71,757942.99,-48674.28,0.42,0.43,-0.01
2023-09-01,2023-09,UK,International,1514751.56,558753.94,955997.63,1559810.12,582348.87,995185.29,-45058.56,-23594.93,-39187.66,0.63,0.64,-0.01,308340.21,318835.74,-10495.53,647657.42,676349.55,-28692.13,0.43,0.43,-0.01
2023-09-01,2023-09,UK,West,2289992.54,831223.59,1458768.97,2421041.48,865867.02,1529247.97,-131048.94,-34643.43,-70479.0,0.64,0.63,0.01,430999.45,436828.0,-5828.55,1027769.52,1092419.97,-64650.45,0.45,0.45,-0.0
2023-09-01,2023-09,USA,Central,3172930.51,1159818.72,2013111.77,3346169.58,1222486.93,2112349.03,-173239.07,-62668.21,-99237.26,0.63,0.63,0.0,583232.47,599801.63,-16569.16,1429879.3,1512547.4,-82668.1,0.45,0.45,-0.0
2023-09-01,2023-09,USA,East,2825182.39,1030741.28,1794441.1,2975671.83,1098806.86,1867506.04,-150489.44,-68065.58,-73064.94,0.64,0.63,0.01,574258.33,607923.07,-33664.74,1220182.77,1259582.97,-39400.2,0.43,0.42,0.01
2023-09-01,2023-09,USA,International,2381378.41,872701.58,1508676.85,2494992.83,910926.4,1585708.55,-113614.42,-38224.82,-77031.7,0.63,0.64,-0.0,467237.12,479707.2,-12470.08,1041439.73,1106001.35,-64561.62,0.44,0.44,-0.01
2023-09-01,2023-09,USA,West,3552994.39,1347459.12,2205535.27,3697906.5,1425543.0,2322081.71,-144912.11,-78083.88,-116546.44,0.62,0.63,-0.01,699025.41,727881.53,-28856.12,1506509.86,1594200.18,-87690.32,0.42,0.43,-0.01
2023-10-01,2023-10,Canada,Central,2357422.68,848574.21,1508848.46,2505505.59,898160.01,1546599.58,-148082.91,-49585.8,-37751.12,0.64,0.62,0.02,436822.69,445894.95,-9072.26,1072025.77,1100704.63,-28678.86,0.45,0.44,0.02
2023-10-01,2023-10,Canada,East,2215440.73,813940.54,1401500.18,2352161.5,867817.45,1487276.1,-136720.77,-53876.91,-85775.92,0.63,0.63,0.0,427250.87,438573.58,-11322.71,974249.31,1048702.52,-74453.21,0.44,0.45,-0.01
2023-10-01,2023-10,Canada,International,1817620.74,656933.13,1160687.6,1914216.31,691249.68,1234545.4,-96595.57,-34316.55,-73857.8,0.64,0.64,-0.01,359638.39,372740.12,-13101.73,801049.21,861805.28,-60756.07,0.44,0.45,-0.01
2023-10-01,2023-10,Canada,West,2792485.71,1020207.18,1772278.53,2938248.6,1084388.89,1859889.64,-145762.89,-64181.71,-87611.11,0.63,0.63,0.0,523786.78,554995.06,-31208.28,1248491.75,1304894.58,-56402.83,0.45,0.44,0.0
2023-10-01,2023-10,UK,Central,1965262.51,712010.8,1253251.71,2092952.84,752684.85,1323890.67,-127690.33,-40674.05,-70638.96,0.64,0.63,0.01,375854.63,404740.82,-28886.19,877397.08,919149.85,-41752.77,0.45,0.44,0.01
2023-10-01,2023-10,UK,East,1872594.9,683900.72,1188694.18,1964523.62,726024.49,1261864.71,-91928.72,-42123.77,-73170.53,0.63,0.64,-0.01,365056.26,378406.82,-13350.56,823637.92,883457.89,-59819.97,0.44,0.45,-0.01
2023-10-01,2023-10,UK,International,1488296.99,560840.35,927456.65,1585900.36,584377.51,969000.78,-97603.37,-23537.16,-41544.13,0.62,0.61,0.01,301800.89,313497.75,-11696.86,625655.76,655503.03,-29847.27,0.42,0.41,0.01
2023-10-01,2023-10,UK,West,2202978.38,776196.73,1426781.66,2272182.61,827713.83,1499678.71,-69204.23,-51517.1,-72897.05,0.65,0.66,-0.01,430511.58,443473.09,-12961.51,996270.08,1056205.62,-59935.54,0.45,0.46,-0.01
2023-10-01,2023-10,USA,Central,3279093.87,1200367.35,2078726.53,3433747.35,1283527.16,2179597.96,-154653.48,-83159.81,-100871.43,0.63,0.63,-0.0,605480.3,628964.71,-23484.41,1473246.23,1550633.25,-77387.02,0.45,0.45,-0.0
2023-10-01,2023-10,USA,East,3113467.61,1134401.48,1979066.12,3286923.82,1204438.38,2059524.99,-173456.21,-70036.9,-80458.87,0.64,0.63,0.01,560584.06,592006.72,-31422.66,1418482.06,1467518.27,-49036.21,0.46,0.45,0.01
2023-10-01,2023-10,USA,International,2419153.25,889831.2,1529322.04,2550274.35,923192.35,1607994.3,-131121.1,-33361.15,-78672.26,0.63,0.63,0.0,488521.74,516491.63,-27969.89,1040800.3,1091502.67,-50702.37,0.43,0.43,0.0
2023-10-01,2023-10,USA,West,3421389.25,1241167.79,2180221.46,3608291.13,1346363.53,2316959.3,-186901.88,-105195.74,-136737.84,0.64,0.64,-0.0,706960.64,744298.4,-37337.76,1473260.82,1572660.9,-99400.08,0.43,0.44,-0.01
2023-11-01,2023-11,Canada,Central,2402730.67,882950.37,1519780.31,2557805.94,914787.37,1589465.56,-155075.27,-31837.0,-69685.25,0.63,0.62,0.01,440020.66,447870.22,-7849.56,1079759.65,1141595.34,-61835.69,0.45,0.45,0.0
2023-11-01,2023-11,Canada,East,2388046.31,871981.77,1516064.52,2540763.75,938740.31,1620417.86,-152717.44,-66758.54,-104353.34,0.63,0.64,-0.0,415216.47,438379.27,-23162.8,1100848.05,1182038.59,-81190.54,0.46,0.47,-0.0
2023-11-01,2023-11,Canada,International,2020443.62,736195.78,1284247.84,2078270.96,780711.33,1358590.48,-57827.34,-44515.55,-74342.64,0.64,0.65,-0.02,369424.63,389298.19,-19873.56,914823.21,969292.29,-54469.08,0.45,0.47,-0.01
2023-11-01,2023-11,Canada,West,2904312.44,1054799.59,1849512.84,3055202.37,1110576.68,1973947.08,-150889.93,-55777.09,-124434.24,0.64,0.65,-0.01,506591.99,533086.56,-26494.57,1342920.85,1440860.52,-97939.67,0.46,0.47,-0.01
2023-11-01,2023-11,UK,Central,2040832.85,745838.06,1294994.8,2139461.25,784850.51,1361827.87,-98628.4,-39012.45,-66833.07,0.63,0.64,-0.0,382500.22,395225.54,-12725.32,912494.58,966602.33,-54107.75,0.45,0.45,-0.0
2023-11-01,2023-11,UK,East,1910699.23,697186.26,1213512.95,2010813.91,742423.32,1249887.89,-100114.68,-45237.06,-36374.94,0.64,0.62,0.01,356949.98,370502.63,-13552.65,856562.97,879385.26,-22822.29,0.45,0.44,0.01
2023-11-01,2023-11,UK,International,1634163.24,592493.51,1041669.73,1698562.4,624348.46,1087666.98,-64399.16,-31854.95,-45997.25,0.64,0.64,-0.0,303561.59,319314.69,-15753.1,738108.14,768352.29,-30244.15,0.45,0.45,-0.0
2023-11-01,2023-11,UK,West,2181482.65,808562.19,1372920.45,2302326.37,863426.6,1454179.99,-120843.72,-54864.41,-81259.54,0.63,0.63,-0.0,446322.55,461480.3,-15157.75,926597.9,992699.69,-66101.79,0.42,0.43,-0.01
2023-11-01,2023-11,USA,Central,3348614.42,1223561.64,2125052.77,3503926.72,1272448.36,2213553.7,-155312.3,-48886.72,-88500.93,0.63,0.63,0.0,578135.54,597669.05,-19533.51,1546917.23,1615884.65,-68967.42,0.46,0.46,0.0
2023-11-01,2023-11,USA,East,3040921.56,1115846.43,1925075.12,3169036.42,1155234.57,2013656.13,-128114.86,-39388.14,-88581.01,0.63,0.64,-0.0,582816.33,608998.02,-26181.69,1342258.79,1404658.11,-62399.32,0.44,0.44,-0.0
2023-11-01,2023-11,USA,International,2476038.63,919519.07,1556519.56,2595091.92,966252.38,1657677.05,-119053.29,-46733.31,-101157.49,0.63,0.64,-0.01,486270.79,496987.71,-10716.92,1070248.77,1160689.34,-90440.57,0.43,0.45,-0.02
2023-11-01,2023-11,USA,West,3653717.31,1304950.15,2348767.14,3834474.86,1367311.64,2420256.92,-180757.55,-62361.49,-71489.78,0.64,0.63,0.01,690827.63,704571.61,-13743.98,1657939.51,1715685.31,-57745.8,0.45,0.45,0.01
2023-12-01,2023-12,Canada,Central,2554255.02,932018.9,1622236.11,2677044.27,998544.17,1714737.25,-122789.25,-66525.27,-92501.14,0.64,0.64,-0.01,432729.73,445477.59,-12747.86,1189506.38,1269259.66,-79753.28,0.47,0.47,-0.01
2023-12-01,2023-12,Canada,East,2441992.23,881405.82,1560586.39,2571404.53,922100.86,1665088.92,-129412.3,-40695.04,-104502.53,0.64,0.65,-0.01,425710.97,440455.23,-14744.26,1134875.42,1224633.69,-89758.27,0.46,0.48,-0.01
2023-12-01,2023-12,Canada,International,2075746.37,753647.89,1322098.5,2188678.97,789834.15,1395969.12,-112932.6,-36186.26,-73870.62,0.64,0.64,-0.0,358071.29,369030.38,-10959.09,964027.21,1026938.74,-62911.53,0.46,0.47,-0.0
2023-12-01,2023-12,Canada,West,2965481.16,1085422.42,1880058.75,3111726.67,1138280.77,1997968.14,-146245.51,-52858.35,-117909.39,0.63,0.64,-0.01,511104.62,535445.34,-24340.72,1368954.13,1462522.8,-93568.67,0.46,0.47,-0.01
2023-12-01,2023-12,UK,Central,2170351.69,781052.86,1389298.84,2276542.35,810342.91,1465580.24,-106190.66,-29290.05,-76281.4,0.64,0.64,-0.0,383959.28,407849.4,-23890.12,1005339.56,1057730.84,-52391.28,0.46,0.46,-0.0
2023-12-01,2023-12,UK,East,2012712.29,735929.18,1276783.15,2082715.73,763116.44,1356712.53,-70003.44,-27187.26,-79929.38,0.63,0.65,-0.02,357185.76,379149.03,-21963.27,919597.39,977563.5,-57966.11,0.46,0.47,-0.01
2023-12-01,2023-12,UK,International,1628000.42,592170.53,1035829.88,1730017.46,619643.72,1081780.75,-102017.04,-27473.19,-45950.87,0.64,0.63,0.01,310056.58,326894.87,-16838.29,725773.3,754885.88,-29112.58,0.45,0.44,0.01
2023-12-01,2023-12,UK,West,2354309.66,850157.45,1504152.18,2499930.49,889879.41,1567014.6,-145620.83,-39721.96,-62862.42,0.64,0.63,0.01,453704.1,473384.08,-19679.98,1050448.08,1093630.52,-43182.44,0.45,0.44,0.01
2023-12-01,2023-12,USA,Central,3584631.88,1290984.76,2293647.1,3766134.3,1349197.48,2452745.92,-181502.42,-58212.72,-159098.82,0.64,0.65,-0.01,627025.65,650935.46,-23909.81,1666621.45,1801810.46,-135189.01,0.46,0.48,-0.01
2023-12-01,2023-12,USA,East,3166215.2,1125219.66,2040995.51,3316210.42,1202996.86,2136342.79,-149995.22,-77777.2,-95347.28,0.64,0.64,0.0,596269.05,621770.58,-25501.53,1444726.46,1514572.21,-69845.75,0.46,0.46,-0.0
2023-12-01,2023-12,USA,International,2572575.95,930369.86,1642206.07,2721503.64,1002187.99,1709146.98,-148927.69,-71818.13,-66940.91,0.64,0.63,0.01,500869.12,507499.98,-6630.86,1141336.95,1201647.0,-60310.05,0.44,0.44,0.0
2023-12-01,2023-12,USA,West,4088039.91,1514865.08,2573174.83,4293490.9,1600259.3,2689562.75,-205450.99,-85394.22,-116387.92,0.63,0.63,0.0,690105.5,719776.69,-29671.19,1883069.33,1969786.06,-86716.73,0.46,0.46,0.0
2024-01-01,2024-01,Canada,Central,2167508.99,799890.24,1367618.75,2261613.29,836274.79,1394111.68,-94104.3,-36384.55,-26492.93,0.63,0.62,0.01,451868.37,461197.09,-9328.72,915750.38,932914.59,-17164.21,0.42,0.41,0.01
2024-01-01,2024-01,Canada,East,1990101.88,732901.3,1257200.6,2107025.96,770158.04,1331424.99,-116924.08,-37256.74,-74224.39,0.63,0.63,-0.0,424079.38,446892.59,-22813.21,833121.22,884532.4,-51411.18,0.42,0.42,-0.0
2024-01-01,2024-01,Canada,International,1700231.19,614429.63,1085801.56,1788899.13,638234.98,1136480.79,-88667.94,-23805.35,-50679.23,0.64,0.64,0.0,364120.81,380525.07,-16404.26,721680.75,755955.72,-34274.97,0.42,0.42,0.0
2024-01-01,2024-01,Canada,West,2452034.94,898002.06,1554032.88,2609655.22,945230.65,1633522.22,-157620.28,-47228.59,-79489.34,0.63,0.63,0.01,505207.57,525845.8,-20638.23,1048825.31,1107676.42,-58851.11,0.43,0.42,0.0
2024-01-01,2024-01,UK,Central,1826993.52,670465.95,1156527.56,1936411.25,699790.49,1237115.49,-109417.73,-29324.54,-80587.93,0.63,0.64,-0.01,374676.76,389808.98,-15132.22,781850.8,847306.51,-65455.71,0.43,0.44,-0.01
2024-01-01,2024-01,UK,East,1653643.07,602850.44,1050792.62,1737899.27,635000.35,1113757.41,-84256.2,-32149.91,-62964.79,0.64,0.64,-0.01,372747.16,388069.5,-15322.34,678045.46,725687.91,-47642.45,0.41,0.42,-0.01
2024-01-01,2024-01,UK,International,1325025.7,477458.61,847567.09,1404238.22,496782.97,906311.92,-79212.52,-19324.36,-58744.83,0.64,0.65,-0.01,315109.94,321602.91,-6492.97,532457.15,584709.01,-52251.86,0.4,0.42,-0.01
2024-01-01,2024-01,UK,West,2028892.88,745674.55,1283218.34,2157587.35,782996.33,1360704.43,-128694.47,-37321.78,-77486.09,0.63,0.63,0.0,455283.03,478093.16,-22810.13,827935.31,882611.27,-54675.96,0.41,0.41,-0.0
2024-01-01,2024-01,USA,Central,2942195.68,1073231.48,1868964.2,3111862.42,1141532.52,1944920.82,-169666.74,-68301.04,-75956.62,0.64,0.62,0.01,613398.81,620388.02,-6989.21,1255565.39,1324532.8,-68967.41,0.43,0.43,0.0
2024-01-01,2024-01,USA,East,2583006.4,946240.97,1636765.44,2726079.14,980458.73,1728322.8,-143072.74,-34217.76,-91557.36,0.63,0.63,-0.0,563247.47,588947.33,-25699.86,1073517.97,1139375.47,-65857.5,0.42,0.42,-0.0
2024-01-01,2024-01,USA,International,2209250.54,808554.23,1400696.29,2328620.3,833798.9,1515821.74,-119369.76,-25244.67,-115125.45,0.63,0.65,-0.02,487326.26,504117.78,-16791.52,913370.03,1011703.96,-98333.93,0.41,0.43,-0.02
2024-01-01,2024-01,USA,West,3249885.29,1165375.55,2084509.72,3331923.79,1223361.67,2173944.21,-82038.5,-57986.12,-89434.49,0.64,0.65,-0.01,713006.37,735582.13,-22575.76,1371503.35,1438362.08,-66858.73,0.42,0.43,-0.01
2024-02-01,2024-02,Canada,Central,2254542.34,820703.95,1433838.39,2369186.25,864176.51,1511989.58,-114643.91,-43472.56,-78151.19,0.64,0.64,-0.0,443813.93,462651.09,-18837.16,990024.46,1049338.49,-59314.03,0.44,0.44,-0.0
2024-02-01,2024-02,Canada,East,2041977.58,738125.45,1303852.13,2100180.08,762063.09,1384502.76,-58202.5,-23937.64,-80650.63,0.64,0.66,-0.02,423818.52,447061.69,-23243.17,880033.61,937441.07,-57407.46,0.43,0.45,-0.02
2024-02-01,2024-02,Canada,International,1656765.58,593707.94,1063057.66,1719317.57,621039.23,1122323.96,-62551.99,-27331.29,-59266.3,0.64,0.65,-0.01,366421.74,371017.63,-4595.89,696635.92,751306.33,-54670.41,0.42,0.44,-0.02
2024-02-01,2024-02,Canada,West,2493121.58,911411.62,1581709.98,2660361.46,953642.11,1653209.73,-167239.88,-42230.49,-71499.75,0.63,0.62,0.01,536530.72,554225.09,-17694.37,1045179.26,1098984.64,-53805.38,0.42,0.41,0.01
2024-02-01,2024-02,UK,Central,1881667.84,688047.57,1193620.26,1950474.06,729535.69,1240485.0,-68806.22,-41488.12,-46864.74,0.63,0.64,-0.0,379363.07,393015.09,-13652.02,814257.19,847469.91,-33212.72,0.43,0.43,-0.0
2024-02-01,2024-02,UK,East,1720698.19,618795.21,1101902.99,1776972.68,650323.71,1138618.39,-56274.49,-31528.5,-36715.4,0.64,0.64,-0.0,372123.08,391863.61,-19740.53,729779.91,746754.78,-16974.87,0.42,0.42,0.0
2024-02-01,2024-02,UK,International,1515220.72,551340.8,963879.89,1623825.68,582334.56,1004411.64,-108604.96,-30993.76,-40531.75,0.64,0.62,0.02,304325.78,312249.49,-7923.71,659554.11,692162.15,-32608.04,0.44,0.43,0.01
2024-02-01,2024-02,UK,West,2107081.98,767546.32,1339535.67,2224396.12,803120.19,1389960.2,-117314.14,-35573.87,-50424.53,0.64,0.62,0.01,426313.48,439969.54,-13656.06,913222.19,949990.66,-36768.47,0.43,0.43,0.01
2024-02-01,2024-02,USA,Central,2951123.62,1059363.33,1891760.27,3072765.76,1120469.45,1998964.74,-121642.14,-61106.12,-107204.47,0.64,0.65,-0.01,597720.35,624397.44,-26677.09,1294039.92,1374567.3,-80527.38,0.44,0.45,-0.01
2024-02-01,2024-02,USA,East,2801236.2,1018294.7,1782941.49,2973087.37,1072025.96,1916255.98,-171851.17,-53731.26,-133314.49,0.64,0.64,-0.01,579599.61,602928.31,-23328.7,1203341.88,1313327.67,-109985.79,0.43,0.44,-0.01
2024-02-01,2024-02,USA,International,2243511.5,804346.32,1439165.18,2331400.79,844022.42,1508842.27,-87889.29,-39676.1,-69677.09,0.64,0.65,-0.01,495606.61,518651.83,-23045.22,943558.57,990190.44,-46631.87,0.42,0.42,-0.0
2024-02-01,2024-02,USA,West,3231581.49,1197383.05,2034198.42,3389965.43,1280876.35,2155601.02,-158383.94,-83493.3,-121402.6,0.63,0.64,-0.01,722606.92,752323.22,-29716.3,1311591.5,1403277.8,-91686.3,0.41,0.41,-0.01
2024-03-01,2024-03,Canada,Central,2225920.95,819372.73,1406548.26,2352322.61,864525.03,1455056.56,-126401.66,-45152.3,-48508.3,0.63,0.62,0.01,451879.99,479307.92,-27427.93,954668.27,975748.64,-21080.37,0.43,0.41,0.01
2024-03-01,2024-03,Canada,East,2121478.92,777300.16,1344178.73,2231499.86,823954.4,1404362.67,-110020.94,-46654.24,-60183.94,0.63,0.63,0.0,432419.9,450168.68,-17748.78,911758.83,954193.99,-42435.16,0.43,0.43,0.0
2024-03-01,2024-03,Canada,International,1584442.37,581513.24,1002929.11,1672943.73,608374.36,1049087.1,-88501.36,-26861.12,-46157.99,0.63,0.63,0.01,357163.64,366423.14,-9259.5,645765.47,682663.96,-36898.49,0.41,0.41,-0.0
2024-03-01,2024-03,Canada,West,2582156.26,939959.65,1642196.6,2731432.39,960761.63,1709377.27,-149276.13,-20801.98,-67180.67,0.64,0.63,0.01,516738.1,529028.57,-12290.47,1125458.5,1180348.7,-54890.2,0.44,0.43,0.0
2024-03-01,2024-03,UK,Central,1701775.64,615712.41,1086063.22,1766664.07,641345.09,1146067.61,-64888.43,-25632.68,-60004.39,0.64,0.65,-0.01,384766.13,403952.43,-19186.3,701297.09,742115.18,-40818.09,0.41,0.42,-0.01
2024-03-01,2024-03,UK,East,1847390.09,667152.0,1180238.07,1877122.52,711883.71,1239203.9,-29732.43,-44731.71,-58965.83,0.64,0.66,-0.02,373782.45,397537.5,-23755.05,806455.62,841666.4,-35210.78,0.44,0.45,-0.01
2024-03-01,2024-03,UK,International,1658160.77,603449.35,1054711.44,1720416.03,624814.95,1113247.8,-62255.26,-21365.6,-58536.36,0.64,0.65,-0.01,307448.71,320317.72,-12869.01,747262.73,792930.08,-45667.35,0.45,0.46,-0.01
2024-03-01,2024-03,UK,West,2150161.72,786144.86,1364016.87,2262459.6,829044.55,1419410.8,-112297.88,-42899.69,-55393.93,0.63,0.63,0.01,450713.15,471488.03,-20774.88,913303.72,947922.77,-34619.05,0.42,0.42,0.01
2024-03-01,2024-03,USA,Central,2978119.63,1092998.07,1885121.57,3100809.2,1129080.28,1981904.46,-122689.57,-36082.21,-96782.89,0.63,0.64,-0.01,615412.73,641404.52,-25991.79,1269708.84,1340499.94,-70791.1,0.43,0.43,-0.01
2024-03-01,2024-03,USA,East,3028498.83,1108310.98,1920187.83,3208878.53,1172011.6,2004374.55,-180379.7,-63700.62,-84186.72,0.63,0.62,0.01,577632.0,596840.88,-19208.88,1342555.83,1407533.67,-64977.84,0.44,0.44,0.0
2024-03-01,2024-03,USA,International,2454474.58,881402.88,1573071.71,2625610.15,915690.73,1639422.8,-171135.57,-34287.85,-66351.09,0.64,0.62,0.02,480075.57,496901.54,-16825.97,1092996.14,1142521.26,-49525.12,0.45,0.44,0.01
2024-03-01,2024-03,USA,West,3395489.08,1265657.89,2129831.21,3542978.12,1312210.54,2214921.26,-147489.04,-46552.65,-85090.05,0.63,0.63,0.0,672924.33,701348.86,-28424.53,1456906.88,1513572.4,-56665.52,0.43,0.43,0.0
2024-04-01,2024-04,Canada,Central,2320401.67,835211.14,1485190.53,2416344.24,879487.24,1513336.72,-95942.57,-44276.1,-28146.19,0.64,0.63,0.01,460606.34,477807.42,-17201.08,1024584.19,1035529.3,-10945.11,0.44,0.43,0.01
2024-04-01,2024-04,Canada,East,2324511.84,844341.17,1480170.67,2371569.2,895432.29,1546293.2,-47057.36,-51091.12,-66122.53,0.64,0.65,-0.02,434420.5,443486.79,-9066.29,1045750.17,1102806.41,-57056.24,0.45,0.46,-0.02
2024-04-01,2024-04,Canada,International,1878801.4,677868.19,1200933.19,1950745.51,714270.33,1263571.22,-71944.11,-36402.14,-62638.03,0.64,0.65,-0.01,367968.59,380928.76,-12960.17,832964.6,882642.46,-49677.86,0.44,0.45,-0.01
2024-04-01,2024-04,Canada,West,2623174.47,959338.07,1663836.4,2760853.54,1018034.19,1777730.87,-137679.07,-58696.12,-113894.47,0.63,0.64,-0.01,532004.01,553780.79,-21776.78,1131832.39,1223950.08,-92117.69,0.43,0.44,-0.01
2024-04-01,2024-04,UK,Central,1932852.8,700303.27,1232549.53,2043117.21,736874.12,1290274.2,-110264.41,-36570.85,-57724.67,0.64,0.63,0.01,364156.44,372512.32,-8355.88,868393.09,917761.88,-49368.79,0.45,0.45,0.0
2024-04-01,2024-04,UK,East,1859709.56,690674.43,1169035.12,1930771.67,723081.37,1225125.65,-71062.11,-32406.94,-56090.53,0.63,0.63,-0.01,361857.8,378509.06,-16651.26,807177.32,846616.59,-39439.27,0.43,0.44,-0.0
2024-04-01,2024-04,UK,International,1583530.03,566233.5,1017296.53,1655526.54,599951.57,1067697.13,-71996.51,-33718.07,-50400.6,0.64,0.64,-0.0,307963.83,315547.89,-7584.06,709332.7,752149.24,-42816.54,0.45,0.45,-0.01
2024-04-01,2024-04,UK,West,2266517.63,835306.43,1431211.19,2384543.47,880807.66,1512361.37,-118025.84,-45501.23,-81150.18,0.63,0.63,-0.0,453210.37,486450.79,-33240.42,978000.82,1025910.58,-47909.76,0.43,0.43,0.0
2024-04-01,2024-04,USA,Central,3078710.0,1128910.1,1949799.91,3188708.29,1196930.94,2010950.43,-109998.29,-68020.84,-61150.52,0.63,0.63,0.0,614213.94,650086.86,-35872.92,1335585.97,1360863.57,-25277.6,0.43,0.43,0.01
2024-04-01,2024-04,USA,East,2913625.23,1085951.89,1827673.36,3067111.33,1145151.95,1960630.81,-153486.1,-59200.06,-132957.45,0.63,0.64,-0.01,578383.91,606364.18,-27980.27,1249289.45,1354266.63,-104977.18,0.43,0.44,-0.01
2024-04-01,2024-04,USA,International,2490272.82,905956.72,1584316.1,2611586.54,941766.7,1637341.91,-121313.72,-35809.98,-53025.81,0.64,0.63,0.01,494393.63,512312.7,-17919.07,1089922.47,1125029.21,-35106.74,0.44,0.43,0.01
2024-04-01,2024-04,USA,West,3598073.37,1306984.58,2291088.78,3807959.64,1351202.26,2395618.36,-209886.27,-44217.68,-104529.58,0.64,0.63,0.01,707764.77,739161.84,-31397.07,1583324.01,1656456.52,-73132.51,0.44,0.44,0.01
2024-05-01,2024-05,Canada,Central,2459473.73,899968.58,1559505.14,2601756.17,919283.88,1651312.09,-142282.44,-19315.3,-91806.95,0.63,0.63,-0.0,455984.64,476570.02,-20585.38,1103520.5,1174742.07,-71221.57,0.45,0.45,-0.0
2024-05-01,2024-05,Canada,East,2245370.86,805271.54,1440099.32,2423843.17,842795.89,1512518.86,-178472.31,-37524.35,-72419.54,0.64,0.62,0.02,442998.35,467116.07,-24117.72,997100.97,1045402.79,-48301.82,0.44,0.43,0.01
2024-05-01,2024-05,Canada,International,1911948.45,694844.0,1217104.44,1995068.94,741813.87,1270229.17,-83120.49,-46969.87,-53124.73,0.64,0.64,-0.0,381767.22,394270.78,-12503.56,835337.22,875958.39,-40621.17,0.44,0.44,-0.0
2024-05-01,2024-05,Canada,West,2754751.19,1013335.67,1741415.54,2948406.56,1058881.03,1854614.84,-193655.37,-45545.36,-113199.3,0.63,0.63,0.0,516999.88,532608.07,-15608.19,1224415.66,1322006.77,-97591.11,0.44,0.45,-0.0
2024-05-01,2024-05,UK,Central,1968739.4,717430.65,1251308.74,2098247.74,761779.19,1315216.73,-129508.34,-44348.54,-63907.99,0.64,0.63,0.01,397434.07,415788.51,-18354.44,853874.67,899428.22,-45553.55,0.43,0.43,0.0
2024-05-01,2024-05,UK,East,1925627.35,704698.58,1220928.77,2070416.34,734251.72,1286213.92,-144788.99,-29553.14,-65285.15,0.63,0.62,0.01,373491.96,385649.38,-12157.42,847436.81,900564.54,-53127.73,0.44,0.44,0.01
2024-05-01,2024-05,UK,International,1676905.28,598402.81,1078502.45,1763019.9,627949.08,1124918.83,-86114.62,-29546.27,-46416.38,0.64,0.64,0.01,316313.36,331029.09,-14715.73,762189.09,793889.74,-31700.65,0.45,0.45,0.0
2024-05-01,2024-05,UK,West,2227869.47,808236.59,1419632.87,2385783.42,850159.18,1461474.43,-157913.95,-41922.59,-41841.56,0.64,0.61,0.02,451262.38,470993.54,-19731.16,968370.49,990480.89,-22110.4,0.43,0.42,0.02
2024-05-01,2024-05,USA,Central,3063899.95,1120412.71,1943487.26,3178424.83,1177099.93,2031010.73,-114524.88,-56687.22,-87523.47,0.63,0.64,-0.0,604749.51,622258.04,-17508.53,1338737.75,1408752.69,-70014.94,0.44,0.44,-0.01
2024-05-01,2024-05,USA,East,2868692.75,1049814.9,1818877.85,3036710.3,1098209.64,1920111.36,-168017.55,-48394.74,-101233.51,0.63,0.63,0.0,590004.61,618289.53,-28284.92,1228873.24,1301821.83,-72948.59,0.43,0.43,-0.0
2024-05-01,2024-05,USA,International,2502186.84,914966.6,1587220.24,2650904.86,942891.38,1653125.26,-148718.02,-27924.78,-65905.02,0.63,0.62,0.01,478177.65,503562.39,-25384.74,1109042.59,1149562.87,-40520.28,0.44,0.43,0.01
2024-05-01,2024-05,USA,West,3567197.5,1293472.46,2273725.06,3766650.0,1360665.27,2384101.13,-199452.5,-67192.81,-110376.07,0.64,0.63,0.0,726671.32,749342.64,-22671.32,1547053.74,1634758.49,-87704.75,0.43,0.43,-0.0
2024-06-01,2024-06,Canada,Central,2458598.91,897490.37,1561108.54,2599416.56,947332.09,1669333.72,-140817.65,-49841.72,-108225.18,0.64,0.64,-0.01,449149.25,470681.26,-21532.01,1111959.29,1198652.46,-86693.17,0.45,0.46,-0.01
2024-06-01,2024-06,Canada,East,2330958.52,855538.53,1475420.01,2380588.94,900206.14,1524466.19,-49630.42,-44667.61,-49046.18,0.63,0.64,-0.01,433171.38,443214.13,-10042.75,1042248.63,1081252.06,-39003.43,0.45,0.45,-0.01
2024-06-01,2024-06,Canada,International,1963000.56,712365.63,1250634.91,2074042.61,747438.69,1324603.72,-111042.05,-35073.06,-73968.81,0.64,0.64,-0.0,359085.42,368720.16,-9634.74,891549.49,955883.56,-64334.07,0.45,0.46,-0.01
2024-06-01,2024-06,Canada,West,2856711.0,1028287.57,1828423.42,3034211.99,1064861.45,1911216.62,-177500.99,-36573.88,-82793.2,0.64,0.63,0.01,542990.27,575367.17,-32376.9,1285433.15,1335849.45,-50416.3,0.45,0.44,0.01
2024-06-01,2024-06,UK,Central,1961194.75,710118.89,1251075.86,2069507.71,741825.57,1330325.59,-108312.96,-31706.68,-79249.73,0.64,0.64,-0.0,391972.73,402581.52,-10608.79,859103.13,927744.07,-68640.94,0.44,0.45,-0.01
2024-06-01,2024-06,UK,East,2024950.51,741080.74,1283869.78,2165086.24,791350.88,1342746.88,-140135.73,-50270.14,-58877.1,0.63,0.62,0.01,378861.42,392475.97,-13614.55,905008.36,950270.91,-45262.55,0.45,0.44,0.01
2024-06-01,2024-06,UK,International,1660974.97,594011.33,1066963.63,1758145.96,635785.4,1106867.62,-97170.99,-41774.07,-39903.99,0.64,0.63,0.01,304295.04,307605.37,-3310.33,762668.59,799262.25,-36593.66,0.46,0.45,0.0
2024-06-01,2024-06,UK,West,2321278.66,828911.66,1492366.99,2438252.23,871430.05,1558760.32,-116973.57,-42518.39,-66393.33,0.64,0.64,0.0,445838.96,466233.06,-20394.1,1046528.03,1092527.26,-45999.23,0.45,0.45,0.0
2024-06-01,2024-06,USA,Central,3191909.31,1159403.34,2032505.97,3369419.81,1222654.4,2142152.45,-177510.5,-63251.06,-109646.48,0.64,0.64,0.0,598996.08,625184.07,-26187.99,1433509.89,1516968.38,-83458.49,0.45,0.45,-0.0
2024-06-01,2024-06,USA,East,2998158.56,1085053.18,1913105.4,3203588.01,1140475.81,1993632.89,-205429.45,-55422.63,-80527.49,0.64,0.62,0.02,600238.46,624074.1,-23835.64,1312866.94,1369558.79,-56691.85,0.44,0.43,0.01
2024-06-01,2024-06,USA,International,2673745.35,961031.06,1712714.29,2789007.7,1014760.78,1787864.85,-115262.35,-53729.72,-75150.56,0.64,0.64,-0.0,480926.23,500230.01,-19303.78,1231788.06,1287634.84,-55846.78,0.46,0.46,-0.0
2024-06-01,2024-06,USA,West,3630521.66,1331101.22,2299420.46,3812436.26,1423006.71,2419185.83,-181914.6,-91905.49,-119765.37,0.63,0.63,-0.0,710070.79,722375.08,-12304.29,1589349.67,1696810.75,-107461.08,0.44,0.45,-0.01
2024-07-01,2024-07,Canada,Central,2236477.87,818389.91,1418087.95,2353987.44,873247.38,1484864.79,-117509.57,-54857.47,-66776.84,0.63,0.63,0.0,461222.63,480312.13,-19089.5,956865.32,1004552.66,-47687.34,0.43,0.43,0.0
2024-07-01,2024-07,Canada,East,2094140.13,765739.25,1328400.86,2253647.93,822510.33,1403265.54,-159507.8,-56771.08,-74864.68,0.63,0.62,0.01,450373.01,465009.61,-14636.6,878027.85,938255.93,-60228.08,0.42,0.42,0.0
2024-07-01,2024-07,Canada,International,1915669.44,691151.53,1224517.93,2012630.87,716666.33,1263827.37,-96961.43,-25514.8,-39309.44,0.64,0.63,0.01,371539.4,390202.38,-18662.98,852978.53,873624.99,-20646.46,0.45,0.43,0.01
2024-07-01,2024-07,Canada,West,2512567.06,914344.13,1598222.93,2634973.15,953731.05,1656888.23,-122406.09,-39386.92,-58665.3,0.64,0.63,0.01,544963.93,566111.97,-21148.04,1053259.0,1090776.26,-37517.26,0.42,0.41,0.01
2024-07-01,2024-07,UK,Central,1895382.09,695354.94,1200027.14,1948421.16,726788.82,1266509.73,-53039.07,-31433.88,-66482.59,0.63,0.65,-0.02,395460.4,405542.51,-10082.11,804566.74,860967.22,-56400.48,0.42,0.44,-0.02
2024-07-01,2024-07,UK,East,1940529.11,693667.9,1246861.21,2011043.89,716017.66,1312336.59,-70514.78,-22349.76,-65475.38,0.64,0.65,-0.01,367104.09,385949.53,-18845.44,879757.12,926387.06,-46629.94,0.45,0.46,-0.01
2024-07-01,2024-07,UK,International,1617195.17,586352.29,1030842.88,1694636.86,607281.23,1086487.78,-77441.69,-20928.94,-55644.9,0.64,0.64,-0.0,297317.25,310051.27,-12734.02,733525.63,776436.51,-42910.88,0.45,0.46,-0.0
2024-07-01,2024-07,UK,West,2375727.54,875129.61,1500597.9,2477931.18,934141.88,1588889.68,-102203.64,-59012.27,-88291.78,0.63,0.64,-0.01,437760.09,452040.01,-14279.92,1062837.81,1136849.67,-74011.86,0.45,0.46,-0.01
2024-07-01,2024-07,USA,Central,3278589.29,1214072.39,2064516.88,3437641.02,1305177.08,2166473.09,-159051.73,-91104.69,-101956.21,0.63,0.63,-0.0,635566.72,652192.71,-16625.99,1428950.16,1514280.38,-85330.22,0.44,0.44,-0.0
2024-07-01,2024-07,USA,East,3014494.79,1109296.64,1905198.16,3166212.63,1172668.83,1992287.49,-151717.84,-63372.19,-87089.33,0.63,0.63,0.0,585464.82,610093.39,-24628.57,1319733.34,1382194.1,-62460.76,0.44,0.44,0.0
2024-07-01,2024-07,USA,International,2615063.13,966167.22,1648895.88,2718259.69,1018038.61,1725676.2,-103196.56,-51871.39,-76780.32,0.63,0.63,-0.0,491804.1,511881.33,-20077.23,1157091.78,1213794.87,-56703.09,0.44,0.45,-0.0
2024-07-01,2024-07,USA,West,3776314.49,1356491.17,2419823.31,3930421.75,1409002.25,2588139.29,-154107.26,-52511.08,-168315.98,0.64,0.66,-0.02,710437.62,745465.07,-35027.45,1709385.69,1842674.22,-133288.53,0.45,0.47,-0.02
2024-08-01,2024-08,Canada,Central,2350340.11,851510.05,1498830.07,2445037.31,903048.27,1587970.54,-94697.2,-51538.22,-89140.47,0.64,0.65,-0.01,473201.88,497425.91,-24224.03,1025628.19,1090544.63,-64916.44,0.44,0.45,-0.01
2024-08-01,2024-08,Canada,East,2296511.6,824572.49,1471939.12,2436222.05,875241.58,1568079.55,-139710.45,-50669.09,-96140.43,0.64,0.64,-0.0,446647.1,460119.09,-13471.99,1025292.02,1107960.46,-82668.44,0.45,0.45,-0.01
2024-08-01,2024-08,Canada,International,1861068.54,676836.27,1184232.26,1904731.65,708935.81,1231062.24,-43663.11,-32099.54,-46829.98,0.64,0.65,-0.01,376151.49,393791.76,-17640.27,808080.77,837270.48,-29189.71,0.43,0.44,-0.01
2024-08-01,2024-08,Canada,West,2682711.19,968471.59,1714239.6,2798620.73,1011283.56,1780992.1,-115909.54,-42811.97,-66752.5,0.64,0.64,0.0,535605.06,563395.72,-27790.66,1178634.54,1217596.38,-38961.84,0.44,0.44,0.0
2024-08-01,2024-08,UK,Central,2003912.21,732645.68,1271266.53,2091961.69,769352.78,1313709.25,-88049.48,-36707.1,-42442.72,0.63,0.63,0.01,390101.69,407401.99,-17300.3,881164.84,906307.26,-25142.42,0.44,0.43,0.01
2024-08-01,2024-08,UK,East,1859001.04,666332.36,1192668.67,1930981.82,697689.64,1265178.83,-71980.78,-31357.28,-72510.16,0.64,0.66,-0.01,374736.85,395857.72,-21120.87,817931.82,869321.11,-51389.29,0.44,0.45,-0.01
2024-08-01,2024-08,UK,International,1537112.3,548238.78,988873.53,1619763.78,575407.22,1039493.85,-82651.48,-27168.44,-50620.32,0.64,0.64,0.0,313933.28,326827.89,-12894.61,674940.25,712665.96,-37725.71,0.44,0.44,-0.0
2024-08-01,2024-08,UK,West,2186591.16,802259.77,1384331.38,2315183.09,830016.22,1482867.8,-128591.93,-27756.45,-98536.42,0.63,0.64,-0.01,442020.99,461436.44,-19415.45,942310.39,1021431.36,-79120.97,0.43,0.44,-0.01
2024-08-01,2024-08,USA,Central,3173975.31,1175002.04,1998973.3,3282678.01,1230338.46,2096940.61,-108702.7,-55336.42,-97967.31,0.63,0.64,-0.01,642799.87,686277.27,-43477.4,1356173.43,1410663.34,-54489.91,0.43,0.43,-0.0
2024-08-01,2024-08,USA,East,3089773.76,1131278.9,1958494.86,3233471.32,1199630.27,1990993.69,-143697.56,-68351.37,-32498.83,0.63,0.62,0.02,580965.42,591237.73,-10272.31,1377529.44,1399755.96,-22226.52,0.45,0.43,0.01
2024-08-01,2024-08,USA,International,2451021.43,907415.66,1543605.77,2578422.84,940618.53,1616830.55,-127401.41,-33202.87,-73224.78,0.63,0.63,0.0,483334.39,506787.16,-23452.77,1060271.38,1110043.39,-49772.01,0.43,0.43,0.0
2024-08-01,2024-08,USA,West,3749642.37,1358053.05,2391589.3,3934813.49,1431137.22,2516248.74,-185171.12,-73084.17,-124659.44,0.64,0.64,-0.0,717950.43,742667.21,-24716.78,1673638.87,1773581.53,-99942.66,0.45,0.45,-0.0
2024-09-01,2024-09,Canada,Central,2564437.06,933797.42,1630639.65,2668821.53,972384.47,1716876.93,-104384.47,-38587.05,-86237.28,0.64,0.64,-0.01,463152.04,487786.31,-24634.27,1167487.61,1229090.62,-61603.01,0.46,0.46,-0.01
2024-09-01,2024-09,Canada,East,2301763.36,836114.74,1465648.63,2381782.04,888617.01,1532585.66,-80018.68,-52502.27,-66937.03,0.64,0.64,-0.01,417101.93,438748.56,-21646.63,1048546.7,1093837.1,-45290.4,0.46,0.46,-0.0
2024-09-01,2024-09,Canada,International,1883692.05,708751.97,1174940.09,1961937.43,746491.54,1273552.29,-78245.38,-37739.57,-98612.2,0.62,0.65,-0.03,369465.02,388345.41,-18880.39,805475.07,885206.88,-79731.81,0.43,0.45,-0.02
2024-09-01,2024-09,Canada,West,2888499.77,1058380.57,1830119.2,3013597.16,1119982.69,1925676.59,-125097.39,-61602.12,-95557.39,0.63,0.64,-0.01,539525.22,563404.86,-23879.64,1290593.98,1362271.73,-71677.75,0.45,0.45,-0.01
2024-09-01,2024-09,UK,Central,2047733.46,734606.8,1313126.67,2162650.9,765100.67,1390328.31,-114917.44,-30493.87,-77201.64,0.64,0.64,-0.0,394948.75,412799.43,-17850.68,918177.92,977528.88,-59350.96,0.45,0.45,-0.0
2024-09-01,2024-09,UK,East,2055205.25,740360.71,1314844.54,2150342.34,781244.78,1398265.77,-95137.09,-40884.07,-83421.23,0.64,0.65,-0.01,385625.07,400340.66,-14715.59,929219.47,997925.11,-68705.64,0.45,0.46,-0.01
2024-09-01,2024-09,UK,International,1760929.52,644797.49,1116132.02,1841423.34,669004.7,1167162.07,-80493.82,-24207.21,-51030.05,0.63,0.63,0.0,311565.5,327386.82,-15821.32,804566.52,839775.25,-35208.73,0.46,0.46,0.0
2024-09-01,2024-09,UK,West,2396777.95,885308.9,1511469.06,2525888.0,937891.84,1552974.22,-129110.05,-52582.94,-41505.16,0.63,0.61,0.02,447095.17,478114.98,-31019.81,1064373.89,1074859.24,-10485.35,0.44,0.43,0.02
2024-09-01,2024-09,USA,Central,3202870.6,1174407.24,2028463.37,3309582.2,1225041.42,2124540.37,-106711.6,-50634.18,-96077.0,0.63,0.64,-0.01,620022.72,637898.51,-17875.79,1408440.65,1486641.86,-78201.21,0.44,0.45,-0.01
2024-09-01,2024-09,USA,East,3058118.92,1116230.85,1941888.06,3215864.98,1180996.19,2040593.43,-157746.06,-64765.34,-98705.37,0.64,0.63,0.0,600234.37,615156.75,-14922.38,1341653.69,1425436.68,-83782.99,0.44,0.44,-0.0
2024-09-01,2024-09,USA,International,2633295.4,948788.98,1684506.44,2777018.73,995975.37,1768315.87,-143723.33,-47186.39,-83809.43,0.64,0.64,0.0,489223.37,499754.05,-10530.68,1195283.07,1268561.82,-73278.75,0.45,0.46,-0.0
2024-09-01,2024-09,USA,West,3674888.34,1343850.62,2331037.73,3871388.27,1397712.28,2452694.44,-196499.93,-53861.66,-121656.71,0.63,0.63,0.0,695685.26,716790.99,-21105.73,1635352.47,1735903.45,-100550.98,0.44,0.45,-0.0
2024-10-01,2024-10,Canada,Central,2447297.89,899323.05,1547974.8,2600374.9,940951.62,1646188.79,-153077.01,-41628.57,-98213.99,0.63,0.63,-0.0,466082.24,485169.49,-19087.25,1081892.56,1161019.3,-79126.74,0.44,0.45,-0.0
2024-10-01,2024-10,Canada,East,2352290.89,848445.88,1503845.01,2436607.61,881050.97,1581106.49,-84316.72,-32605.09,-77261.48,0.64,0.65,-0.01,442216.39,452831.51,-10615.12,1061628.62,1128274.98,-66646.36,0.45,0.46,-0.01
2024-10-01,2024-10,Canada,International,1907989.03,698604.2,1209384.82,1942753.67,714808.77,1291735.34,-34764.64,-16204.57,-82350.52,0.63,0.66,-0.03,374165.61,393152.82,-18987.21,835219.21,898582.52,-63363.31,0.44,0.46,-0.02
2024-10-01,2024-10,Canada,West,2689395.71,984878.5,1704517.22,2804663.72,1038042.09,1848730.41,-115268.01,-53163.59,-144213.19,0.63,0.66,-0.03,528943.04,548176.41,-19233.37,1175574.18,1300554.0,-124979.82,0.44,0.46,-0.03
2024-10-01,2024-10,UK,Central,2120372.02,786792.98,1333579.04,2177713.27,815373.81,1405299.86,-57341.25,-28580.83,-71720.82,0.63,0.65,-0.02,409180.91,418548.75,-9367.84,924398.13,986751.11,-62352.98,0.44,0.45,-0.02
2024-10-01,2024-10,UK,East,1976607.16,724072.18,1252534.99,2067971.07,764201.74,1343018.74,-91363.91,-40129.56,-90483.75,0.63,0.65,-0.02,360795.49,373898.16,-13102.67,891739.5,969120.58,-77381.08,0.45,0.47,-0.02
2024-10-01,2024-10,UK,International,1686279.88,614767.98,1071511.92,1778806.37,633782.89,1123865.0,-92526.49,-19014.91,-52353.08,0.64,0.63,0.0,320385.2,329751.97,-9366.77,751126.72,794113.03,-42986.31,0.45,0.45,-0.0
2024-10-01,2024-10,UK,West,2396035.67,872276.96,1523758.72,2477259.75,910663.77,1598975.92,-81224.08,-38386.81,-75217.2,0.64,0.65,-0.01,441399.0,461907.01,-20508.01,1082359.72,1137068.91,-54709.19,0.45,0.46,-0.01
2024-10-01,2024-10,USA,Central,3657537.32,1323284.74,2334252.58,3913863.96,1370969.92,2396542.04,-256326.64,-47685.18,-62289.46,0.64,0.61,0.03,635037.59,663562.47,-28524.88,1699214.99,1732979.57,-33764.58,0.46,0.44,0.02
2024-10-01,2024-10,USA,East,3362858.59,1219585.95,2143272.63,3535986.72,1286398.97,2238951.46,-173128.13,-66813.02,-95678.83,0.64,0.63,0.0,595252.08,615149.1,-19897.02,1548020.55,1623802.36,-75781.81,0.46,0.46,0.0
2024-10-01,2024-10,USA,International,2845216.84,1048878.69,1796338.17,3020478.67,1094500.64,1861365.66,-175261.83,-45621.95,-65027.49,0.63,0.62,0.02,516408.29,532814.31,-16406.02,1279929.88,1328551.35,-48621.47,0.45,0.44,0.01
2024-10-01,2024-10,USA,West,3846200.65,1404043.36,2442157.3,4084089.19,1455613.82,2566892.07,-237888.54,-51570.46,-124734.77,0.64,0.63,0.01,727965.87,743756.7,-15790.83,1714191.43,1823135.37,-108943.94,0.45,0.45,-0.0
2024-11-01,2024-11,Canada,Central,2644622.8,962087.75,1682535.03,2745152.26,1024428.53,1780942.13,-100529.46,-62340.78,-98407.1,0.64,0.65,-0.01,467906.59,496265.27,-28358.68,1214628.44,1284676.86,-70048.42,0.46,0.47,-0.01
2024-11-01,2024-11,Canada,East,2495408.91,916444.09,1578964.85,2633403.99,947558.51,1640637.74,-137995.08,-31114.42,-61672.89,0.63,0.62,0.01,435016.25,461135.37,-26119.12,1143948.6,1179502.37,-35553.77,0.46,0.45,0.01
2024-11-01,2024-11,Canada,International,2035698.61,758498.84,1277199.77,2129598.02,794680.61,1350602.24,-93899.41,-36181.77,-73402.47,0.63,0.63,-0.01,367619.8,380526.38,-12906.58,909579.97,970075.86,-60495.89,0.45,0.46,-0.01
2024-11-01,2024-11,Canada,West,2843803.6,1053972.45,1789831.15,2944406.84,1114551.68,1855067.61,-100603.24,-60579.23,-65236.46,0.63,0.63,-0.0,519539.96,540277.39,-20737.43,1270291.19,1314790.22,-44499.03,0.45,0.45,0.0
2024-11-01,2024-11,UK,Central,2237300.93,815293.38,1422007.54,2346397.53,858783.35,1514098.99,-109096.6,-43489.97,-92091.45,0.64,0.65,-0.01,394241.63,414203.45,-19961.82,1027765.91,1099895.54,-72129.63,0.46,0.47,-0.01
2024-11-01,2024-11,UK,East,2157081.55,780329.23,1376752.3,2260863.11,815761.1,1434940.47,-103781.56,-35431.87,-58188.17,0.64,0.63,0.0,369875.48,390466.37,-20590.89,1006876.82,1044474.1,-37597.28,0.47,0.46,0.0
2024-11-01,2024-11,UK,International,1807106.94,666767.52,1140339.41,1911691.72,693688.84,1153218.42,-104584.78,-26921.32,-12879.01,0.63,0.6,0.03,310911.25,332111.56,-21200.31,829428.16,821106.86,8321.3,0.46,0.43,0.03
2024-11-01,2024-11,UK,West,2664302.48,974690.75,1689611.71,2778798.79,1027426.01,1803750.88,-114496.31,-52735.26,-114139.17,0.63,0.65,-0.01,450431.29,468337.67,-17906.38,1239180.42,1335413.21,-96232.79,0.47,0.48,-0.02
2024-11-01,2024-11,USA,Central,3820652.39,1398152.83,2422499.55,3994069.0,1500037.9,2530859.25,-173416.61,-101885.07,-108359.7,0.63,0.63,0.0,609912.44,651447.93,-41535.49,1812587.11,1879411.32,-66824.21,0.47,0.47,0.0
2024-11-01,2024-11,USA,East,3116453.09,1113179.45,2003273.62,3249233.07,1177367.86,2134681.33,-132779.98,-64188.41,-131407.71,0.64,0.66,-0.01,602432.53,630762.06,-28329.53,1400841.09,1503919.27,-103078.18,0.45,0.46,-0.01
2024-11-01,2024-11,USA,International,3027342.38,1077259.28,1950083.1,3175700.19,1126009.51,2022478.77,-148357.81,-48750.23,-72395.67,0.64,0.64,0.01,511070.58,531087.97,-20017.39,1439012.52,1491390.8,-52378.28,0.48,0.47,0.01
2024-11-01,2024-11,USA,West,4165075.74,1530227.45,2634848.28,4345754.22,1594860.46,2796790.57,-180678.48,-64633.01,-161942.29,0.63,0.64,-0.01,729694.03,748166.19,-18472.16,1905154.25,2048624.38,-143470.13,0.46,0.47,-0.01
2024-12-01,2024-12,Canada,Central,2846155.12,1026217.4,1819937.7,3030552.74,1075342.34,1916569.3,-184397.62,-49124.94,-96631.6,0.64,0.63,0.01,474760.32,492257.36,-17497.04,1345177.38,1424311.94,-79134.56,0.47,0.47,0.0
2024-12-01,2024-12,Canada,East,2582484.57,940820.17,1641664.42,2767394.54,995124.14,1725701.56,-184909.97,-54303.97,-84037.14,0.64,0.62,0.01,435361.97,448299.87,-12937.9,1206302.45,1277401.69,-71099.24,0.47,0.46,0.01
2024-12-01,2024-12,Canada,International,2327934.1,843091.7,1484842.39,2455004.32,879821.59,1573840.4,-127070.22,-36729.89,-88998.01,0.64,0.64,-0.0,357306.01,370751.92,-13445.91,1127536.38,1203088.48,-75552.1,0.48,0.49,-0.01
2024-12-01,2024-12,Canada,West,3199180.83,1163056.3,2036124.5,3411125.27,1213375.37,2096982.73,-211944.44,-50319.07,-60858.23,0.64,0.61,0.02,560998.39,596820.32,-35821.93,1475126.11,1500162.41,-25036.3,0.46,0.44,0.02
2024-12-01,2024-12,UK,Central,2344236.42,862944.84,1481291.58,2482439.9,911717.76,1533467.4,-138203.48,-48772.92,-52175.82,0.63,0.62,0.01,390788.65,404926.83,-14138.18,1090502.93,1128540.57,-38037.64,0.47,0.45,0.01
2024-12-01,2024-12,UK,East,2312707.86,844981.82,1467726.02,2466153.4,888837.88,1552106.31,-153445.54,-43856.06,-84380.29,0.63,0.63,0.01,389057.64,404322.2,-15264.56,1078668.38,1147784.11,-69115.73,0.47,0.47,0.0
2024-12-01,2024-12,UK,International,1868293.85,697936.42,1170357.43,1962335.33,716626.37,1208010.77,-94041.48,-18689.95,-37653.34,0.63,0.62,0.01,317615.7,328760.88,-11145.18,852741.73,879249.89,-26508.16,0.46,0.45,0.01
2024-12-01,2024-12,UK,West,2629127.55,952336.78,1676790.75,2797226.15,1008112.22,1752366.13,-168098.6,-55775.44,-75575.38,0.64,0.63,0.01,453572.25,478125.49,-24553.24,1223218.5,1274240.64,-51022.14,0.47,0.46,0.01
2024-12-01,2024-12,USA,Central,3443745.89,1255898.66,2187847.26,3638822.94,1305458.74,2323641.39,-195077.05,-49560.08,-135794.13,0.64,0.64,-0.0,636387.74,641459.93,-5072.19,1551459.52,1682181.46,-130721.94,0.45,0.46,-0.01
2024-12-01,2024-12,USA,East,3702833.67,1349792.43,2353041.23,3889786.19,1406084.5,2475778.04,-186952.52,-56292.07,-122736.81,0.64,0.64,-0.0,591530.64,626887.65,-35357.01,1761510.59,1848890.39,-87379.8,0.48,0.48,0.0
2024-12-01,2024-12,USA,International,3040043.87,1108881.64,1931162.22,3264339.56,1185806.24,2054142.25,-224295.69,-76924.6,-122980.03,0.64,0.63,0.01,514226.84,526726.67,-12499.83,1416935.38,1527415.58,-110480.2,0.47,0.47,-0.0
2024-12-01,2024-12,USA,West,4136669.28,1517421.6,2619247.67,4416676.54,1589337.46,2749246.6,-280007.26,-71915.86,-129998.93,0.63,0.62,0.01,710489.09,752813.87,-42324.78,1908758.58,1996432.73,-87674.15,0.46,0.45,0.01
2025-01-01,2025-01,Canada,Central,2367911.56,859131.15,1508780.38,2518852.23,905772.63,1587847.71,-150940.67,-46641.48,-79067.33,0.64,0.63,0.01,464622.58,485917.49,-21294.91,1044157.8,1101930.22,-57772.42,0.44,0.44,0.0
2025-01-01,2025-01,Canada,East,2133796.32,790785.12,1343011.19,2218852.29,832783.12,1421934.85,-85055.97,-41998.0,-78923.66,0.63,0.64,-0.01,424114.17,434089.09,-9974.92,918897.02,987845.76,-68948.74,0.43,0.45,-0.01
2025-01-01,2025-01,Canada,International,1870058.24,682882.71,1187175.54,1980826.35,711889.85,1250983.89,-110768.11,-29007.14,-63808.35,0.63,0.63,0.0,367750.33,376921.8,-9171.47,819425.21,874062.09,-54636.88,0.44,0.44,-0.0
2025-01-01,2025-01,Canada,West,2630733.45,936627.29,1694106.16,2824086.79,973879.97,1790124.44,-193353.34,-37252.68,-96018.28,0.64,0.63,0.01,535440.76,547728.23,-12287.47,1158665.4,1242396.21,-83730.81,0.44,0.44,0.0
2025-01-01,2025-01,UK,Central,1903758.98,693991.87,1209767.12,1986700.98,717055.05,1271756.16,-82942.0,-23063.18,-61989.04,0.64,0.64,-0.0,392776.59,408167.75,-15391.16,816990.53,863588.41,-46597.88,0.43,0.43,-0.01
2025-01-01,2025-01,UK,East,1862952.35,676181.52,1186770.8,1987511.84,715932.23,1228467.34,-124559.49,-39750.71,-41696.54,0.64,0.62,0.02,385406.13,405664.54,-20258.41,801364.67,822802.8,-21438.13,0.43,0.41,0.02
2025-01-01,2025-01,UK,International,1618835.89,586042.68,1032793.21,1687038.23,610551.81,1078142.98,-68202.34,-24509.13,-45349.77,0.64,0.64,-0.0,307620.17,321790.67,-14170.5,725173.04,756352.31,-31179.27,0.45,0.45,-0.0
2025-01-01,2025-01,UK,West,2306391.75,856992.75,1449398.99,2440310.32,897178.64,1479950.71,-133918.57,-40185.89,-30551.72,0.63,0.61,0.02,465508.58,487330.98,-21822.4,983890.41,992619.73,-8729.32,0.43,0.41,0.02
2025-01-01,2025-01,USA,Central,3108014.6,1150449.4,1957565.18,3317645.22,1214530.96,2053711.07,-209630.62,-64081.56,-96145.89,0.63,0.62,0.01,640830.12,681520.55,-40690.43,1316735.06,1372190.52,-55455.46,0.42,0.41,0.01
2025-01-01,2025-01,USA,East,2964549.67,1088429.56,1876120.1,3121525.5,1154010.86,1959742.93,-156975.83,-65581.3,-83622.83,0.63,0.63,0.01,618520.01,652882.15,-34362.14,1257600.09,1306860.78,-49260.69,0.42,0.42,0.01
2025-01-01,2025-01,USA,International,2614517.11,937461.41,1677055.7,2791401.45,994401.91,1727756.37,-176884.34,-56940.5,-50700.67,0.64,0.62,0.02,484966.83,512778.73,-27811.9,1192088.87,1214977.64,-22888.77,0.46,0.44,0.02
2025-01-01,2025-01,USA,West,3548638.61,1289892.37,2258746.26,3730294.15,1345099.8,2404528.93,-181655.54,-55207.43,-145782.67,0.64,0.64,-0.01,753015.66,785527.18,-32511.52,1505730.6,1619001.75,-113271.15,0.42,0.43,-0.01
2025-02-01,2025-02,Canada,Central,2316863.3,845982.03,1470881.29,2470198.11,885853.62,1567183.62,-153334.81,-39871.59,-96302.33,0.63,0.63,0.0,485563.69,504338.53,-18774.84,985317.6,1062845.09,-77527.49,0.43,0.43,-0.01
2025-02-01,2025-02,Canada,East,2336730.56,853616.59,1483113.98,2401116.0,881834.15,1578019.88,-64385.44,-28217.56,-94905.9,0.63,0.66,-0.02,437216.6,470512.48,-33295.88,1045897.38,1107507.4,-61610.02,0.45,0.46,-0.01
2025-02-01,2025-02,Canada,International,1843902.08,681330.96,1162571.14,1936854.32,723791.92,1205611.08,-92952.24,-42460.96,-43039.94,0.63,0.62,0.01,370870.24,389439.33,-18569.09,791700.9,816171.75,-24470.85,0.43,0.42,0.01
2025-02-01,2025-02,Canada,West,2550284.37,924904.1,1625380.27,2655315.85,975623.12,1709288.75,-105031.48,-50719.02,-83908.48,0.64,0.64,-0.01,541197.49,555362.93,-14165.44,1084182.78,1153925.82,-69743.04,0.43,0.43,-0.01
2025-02-01,2025-02,UK,Central,2051286.9,752394.88,1298892.01,2175229.4,773226.18,1387758.31,-123942.5,-20831.3,-88866.3,0.63,0.64,-0.0,385987.45,406811.95,-20824.5,912904.56,980946.36,-68041.8,0.44,0.45,-0.01
2025-02-01,2025-02,UK,East,1840742.5,674327.05,1166415.5,1933701.74,712405.54,1202868.21,-92959.24,-38078.49,-36452.71,0.63,0.62,0.01,383811.85,395783.64,-11971.79,782603.65,807084.57,-24480.92,0.43,0.42,0.01
2025-02-01,2025-02,UK,International,1631466.2,592468.62,1038997.59,1755906.77,622392.15,1101499.33,-124440.57,-29923.53,-62501.74,0.64,0.63,0.01,326809.08,338435.84,-11626.76,712188.51,763063.49,-50874.98,0.44,0.43,0.0
2025-02-01,2025-02,UK,West,2379930.76,865522.2,1514408.55,2529524.14,911971.94,1594036.38,-149593.38,-46449.74,-79627.83,0.64,0.63,0.01,450280.36,456231.59,-5951.23,1064128.19,1137804.79,-73676.6,0.45,0.45,-0.0
2025-02-01,2025-02,USA,Central,3194934.26,1178305.87,2016628.4,3306529.02,1212197.75,2144853.13,-111594.76,-33891.88,-128224.73,0.63,0.65,-0.02,605839.03,625884.52,-20045.49,1410789.37,1518968.61,-108179.24,0.44,0.46,-0.02
2025-02-01,2025-02,USA,East,2893770.79,1063359.97,1830410.82,3040157.26,1097780.5,1954521.12,-146386.47,-34420.53,-124110.3,0.63,0.64,-0.01,622470.14,646776.76,-24306.62,1207940.68,1307744.36,-99803.68,0.42,0.43,-0.01
2025-02-01,2025-02,USA,International,2630898.15,967732.37,1663165.79,2774071.67,1016815.37,1743642.97,-143173.52,-49083.0,-80477.18,0.63,0.63,0.0,504433.22,529711.02,-25277.8,1158732.57,1213931.95,-55199.38,0.44,0.44,0.0
2025-02-01,2025-02,USA,West,3532237.79,1269272.55,2262965.21,3697078.88,1354048.85,2361979.03,-164841.09,-84776.3,-99013.82,0.64,0.64,0.0,747789.4,771238.4,-23449.0,1515175.81,1590740.63,-75564.82,0.43,0.43,-0.0
2025-03-01,2025-03,Canada,Central,2311915.77,848554.85,1463360.9,2433235.59,875839.28,1559835.41,-121319.82,-27284.43,-96474.51,0.63,0.64,-0.01,464017.63,490827.3,-26809.67,999343.27,1069008.11,-69664.84,0.43,0.44,-0.01
2025-03-01,2025-03,Canada,East,2494304.54,885254.29,1609050.22,2630695.7,916916.08,1650687.87,-136391.16,-31661.79,-41637.65,0.65,0.63,0.02,442300.08,456955.4,-14655.32,1166750.14,1193732.47,-26982.33,0.47,0.45,0.01
2025-03-01,2025-03,Canada,International,1869252.79,677210.78,1192042.02,1988308.92,717598.44,1247871.6,-119056.13,-40387.66,-55829.58,0.64,0.63,0.01,377471.48,396344.3,-18872.82,814570.54,851527.3,-36956.76,0.44,0.43,0.01
2025-03-01,2025-03,Canada,West,2720661.86,1002659.58,1718002.3,2845690.71,1039111.59,1789710.69,-125028.85,-36452.01,-71708.39,0.63,0.63,0.0,529721.53,553649.03,-23927.5,1188280.77,1236061.66,-47780.89,0.44,0.43,0.0
2025-03-01,2025-03,UK,Central,2109353.26,780620.43,1328732.83,2233429.44,832483.2,1420412.48,-124076.18,-51862.77,-91679.65,0.63,0.64,-0.01,403181.58,416921.75,-13740.17,925551.25,1003490.73,-77939.48,0.44,0.45,-0.01
2025-03-01,2025-03,UK,East,1962531.06,725904.23,1236626.85,2070821.55,752922.16,1290495.35,-108290.49,-27017.93,-53868.5,0.63,0.62,0.01,387491.52,404640.59,-17149.07,849135.33,885854.76,-36719.43,0.43,0.43,0.0
2025-03-01,2025-03,UK,International,1564440.38,587488.51,976951.88,1665491.92,600537.19,1029333.75,-101051.54,-13048.68,-52381.87,0.62,0.62,0.01,314988.52,332776.23,-17787.71,661963.36,696557.52,-34594.16,0.42,0.42,0.0
2025-03-01,2025-03,UK,West,2300637.76,861601.68,1439036.06,2406426.39,871086.41,1499979.41,-105788.63,-9484.73,-60943.35,0.63,0.62,0.0,469011.32,488820.58,-19809.26,970024.74,1011158.83,-41134.09,0.42,0.42,0.0
2025-03-01,2025-03,USA,Central,3227060.74,1174118.77,2052941.98,3418597.52,1228760.29,2170542.58,-191536.78,-54641.52,-117600.6,0.64,0.63,0.0,634444.32,667690.16,-33245.84,1418497.66,1502852.42,-84354.76,0.44,0.44,0.0
2025-03-01,2025-03,USA,East,3209102.56,1151436.58,2057665.97,3381884.24,1205830.22,2155424.32,-172781.68,-54393.64,-97758.35,0.64,0.64,0.0,594116.86,617586.23,-23469.37,1463549.11,1537838.09,-74288.98,0.46,0.45,0.0
2025-03-01,2025-03,USA,International,2556851.87,947560.76,1609291.1,2650865.25,1004346.18,1691570.17,-94013.38,-56785.42,-82279.07,0.63,0.64,-0.01,512108.77,525576.31,-13467.54,1097182.33,1165993.86,-68811.53,0.43,0.44,-0.01
2025-03-01,2025-03,USA,West,3720094.99,1371742.86,2348352.14,3916184.87,1464371.89,2489006.7,-196089.88,-92629.03,-140654.56,0.63,0.64,-0.0,742834.9,763656.3,-20821.4,1605517.24,1725350.4,-119833.16,0.43,0.44,-0.01
2025-04-01,2025-04,Canada,Central,2418737.23,871377.67,1547359.58,2533348.99,897877.84,1621369.76,-114611.76,-26500.17,-74010.18,0.64,0.64,-0.0,475683.44,485003.03,-9319.59,1071676.14,1136366.73,-64690.59,0.44,0.45,-0.01
2025-04-01,2025-04,Canada,East,2386542.56,869307.46,1517235.09,2500386.48,900377.38,1610143.41,-113843.92,-31069.92,-92908.32,0.64,0.64,-0.01,455034.01,460189.03,-5155.02,1062201.08,1149954.38,-87753.3,0.45,0.46,-0.01
2025-04-01,2025-04,Canada,International,2024908.55,727272.24,1297636.3,2100460.43,754948.63,1356893.17,-75551.88,-27676.39,-59256.87,0.64,0.65,-0.01,367516.64,382007.08,-14490.44,930119.66,974886.09,-44766.43,0.46,0.46,-0.0
2025-04-01,2025-04,Canada,West,2943952.05,1085706.26,1858245.79,3074499.11,1137697.48,1910062.54,-130547.06,-51991.22,-51816.75,0.63,0.62,0.01,534136.9,555265.38,-21128.48,1324108.89,1354797.16,-30688.27,0.45,0.44,0.01
2025-04-01,2025-04,UK,Central,2074161.32,746759.6,1327401.73,2173385.1,783779.62,1413940.5,-99223.78,-37020.02,-86538.77,0.64,0.65,-0.01,404368.69,423012.95,-18644.26,923033.04,990927.55,-67894.51,0.44,0.46,-0.01
2025-04-01,2025-04,UK,East,2053493.46,753342.17,1300151.28,2203255.66,779236.29,1346143.65,-149762.2,-25894.12,-45992.37,0.63,0.61,0.02,385551.48,393932.56,-8381.08,914599.8,952211.09,-37611.29,0.45,0.43,0.01
2025-04-01,2025-04,UK,International,1620353.22,593228.09,1027125.13,1695270.94,620495.75,1084862.4,-74917.72,-27267.66,-57737.27,0.63,0.64,-0.01,327448.89,341092.1,-13643.21,699676.24,743770.3,-44094.06,0.43,0.44,-0.01
2025-04-01,2025-04,UK,West,2580794.2,941543.62,1639250.57,2721926.6,981817.29,1694060.87,-141132.4,-40273.67,-54810.3,0.64,0.62,0.01,449042.74,476948.85,-27906.11,1190207.83,1217112.02,-26904.19,0.46,0.45,0.01
2025-04-01,2025-04,USA,Central,3281057.26,1204009.86,2077047.41,3428338.85,1249036.75,2204392.88,-147281.59,-45026.89,-127345.47,0.63,0.64,-0.01,634982.82,661439.89,-26457.07,1442064.59,1542952.99,-100888.4,0.44,0.45,-0.01
2025-04-01,2025-04,USA,East,3189331.54,1144682.14,2044649.41,3336516.59,1196078.56,2126940.93,-147185.05,-51396.42,-82291.52,0.64,0.64,0.0,598397.31,606310.51,-7913.2,1446252.1,1520630.42,-74378.32,0.45,0.46,-0.0
2025-04-01,2025-04,USA,International,2810799.46,1020777.67,1790021.79,2957132.27,1068113.7,1890785.35,-146332.81,-47336.03,-100763.56,0.64,0.64,-0.0,531287.31,543343.8,-12056.49,1258734.48,1347441.55,-88707.07,0.45,0.46,-0.01
2025-04-01,2025-04,USA,West,3742200.63,1355459.17,2386741.46,3897652.54,1409043.43,2475566.95,-155451.91,-53584.26,-88825.49,0.64,0.64,0.0,739749.9,788287.86,-48537.96,1646991.56,1687279.09,-40287.53,0.44,0.43,0.01
2025-05-01,2025-05,Canada,Central,2575424.82,963463.66,1611961.16,2677187.49,1001461.87,1655841.38,-101762.67,-37998.21,-43880.22,0.63,0.62,0.01,469278.91,492654.98,-23376.07,1142682.25,1163186.4,-20504.15,0.44,0.43,0.01
2025-05-01,2025-05,Canada,East,2379119.72,878303.48,1500816.22,2493178.62,930117.22,1583555.98,-114058.9,-51813.74,-82739.76,0.63,0.64,-0.0,450806.87,463301.5,-12494.63,1050009.35,1120254.48,-70245.13,0.44,0.45,-0.01
2025-05-01,2025-05,Canada,International,2104384.38,765348.01,1339036.39,2202985.89,789445.14,1391629.99,-98601.51,-24097.13,-52593.6,0.64,0.63,0.0,366386.24,379312.77,-12926.53,972650.15,1012317.22,-39667.07,0.46,0.46,0.0
2025-05-01,2025-05,Canada,West,3093410.48,1127981.5,1965429.01,3238902.56,1187208.38,2065005.34,-145492.08,-59226.88,-99576.33,0.64,0.64,-0.0,529923.99,551339.83,-21415.84,1435505.02,1513665.51,-78160.49,0.46,0.47,-0.0
2025-05-01,2025-05,UK,Central,2232913.1,803537.71,1429375.38,2333589.6,833735.91,1491424.02,-100676.5,-30198.2,-62048.64,0.64,0.64,0.0,403569.49,423439.03,-19869.54,1025805.89,1067984.99,-42179.1,0.46,0.46,0.0
2025-05-01,2025-05,UK,East,2165957.39,787312.89,1378644.52,2304992.34,834472.42,1443204.12,-139034.95,-47159.53,-64559.6,0.64,0.63,0.01,376956.14,403531.73,-26575.59,1001688.38,1039672.39,-37984.01,0.46,0.45,0.01
2025-05-01,2025-05,UK,International,1780827.08,647310.78,1133516.31,1856261.15,672844.27,1183975.08,-75434.07,-25533.49,-50458.77,0.64,0.64,-0.0,327649.51,347578.78,-19929.27,805866.8,836396.3,-30529.5,0.45,0.45,0.0
2025-05-01,2025-05,UK,West,2636573.28,950841.31,1685731.96,2767428.0,1004152.07,1785389.19,-130854.72,-53310.76,-99657.23,0.64,0.65,-0.01,460659.32,470025.88,-9366.56,1225072.64,1315363.31,-90290.67,0.46,0.48,-0.01
2025-05-01,2025-05,USA,Central,3380080.35,1220927.03,2159153.32,3570772.55,1275427.44,2244756.0,-190692.2,-54500.41,-85602.68,0.64,0.63,0.01,636012.48,671951.97,-35939.49,1523140.84,1572804.03,-49663.19,0.45,0.44,0.01
2025-05-01,2025-05,USA,East,3198232.62,1153021.64,2045210.99,3368826.51,1206999.2,2141826.4,-170593.89,-53977.56,-96615.41,0.64,0.64,0.0,590545.99,615490.48,-24944.49,1454665.0,1526335.92,-71670.92,0.45,0.45,0.0
2025-05-01,2025-05,USA,International,2755970.74,995594.54,1760376.2,2942143.02,1047621.39,1868707.83,-186172.28,-52026.85,-108331.63,0.64,0.64,0.0,494573.98,523438.66,-28864.68,1265802.22,1345269.17,-79466.95,0.46,0.46,0.0
2025-05-01,2025-05,USA,West,3699429.37,1357031.63,2342397.77,3844327.15,1432938.98,2467892.11,-144897.78,-75907.35,-125494.34,0.63,0.64,-0.01,739977.64,775367.69,-35390.05,1602420.13,1692524.42,-90104.29,0.43,0.44,-0.01
2025-06-01,2025-06,Canada,Central,2563699.59,930418.9,1633280.66,2676836.17,959966.46,1717447.08,-113136.58,-29547.56,-84166.42,0.64,0.64,-0.0,466649.96,488229.72,-21579.76,1166630.7,1229217.36,-62586.66,0.46,0.46,-0.0
2025-06-01,2025-06,Canada,East,2413832.28,878268.08,1535564.2,2518101.38,934144.64,1590956.99,-104269.1,-55876.56,-55392.79,0.64,0.63,0.0,442867.51,452174.85,-9307.34,1092696.69,1138782.14,-46085.45,0.45,0.45,0.0
2025-06-01,2025-06,Canada,International,2131661.41,774720.95,1356940.45,2233931.7,809563.96,1425374.2,-102270.29,-34843.01,-68433.75,0.64,0.64,-0.0,372905.6,394660.37,-21754.77,984034.85,1030713.83,-46678.98,0.46,0.46,0.0
2025-06-01,2025-06,Canada,West,2972103.05,1090895.16,1881207.87,3099654.39,1143321.77,1995678.98,-127551.34,-52426.61,-114471.11,0.63,0.64,-0.01,531355.75,556883.15,-25527.4,1349852.12,1438795.83,-88943.71,0.45,0.46,-0.01
2025-06-01,2025-06,UK,Central,2178926.7,806975.92,1371950.78,2314454.21,847289.79,1455038.99,-135527.51,-40313.87,-83088.21,0.63,0.63,0.0,401970.5,411478.71,-9508.21,969980.28,1043560.28,-73580.0,0.45,0.45,-0.01
2025-06-01,2025-06,UK,East,2050964.61,749472.67,1301491.92,2143912.06,799730.95,1334691.86,-92947.45,-50258.28,-33199.94,0.63,0.62,0.01,385230.13,401051.53,-15821.4,916261.79,933640.33,-17378.54,0.45,0.44,0.01
2025-06-01,2025-06,UK,International,1753888.02,638924.89,1114963.14,1837776.45,675286.31,1165870.35,-83888.43,-36361.42,-50907.21,0.64,0.63,0.0,321283.78,330955.12,-9671.34,793679.36,834915.23,-41235.87,0.45,0.45,-0.0
2025-06-01,2025-06,UK,West,2612477.83,944286.73,1668191.09,2710369.12,999586.7,1748749.68,-97891.29,-55299.97,-80558.59,0.64,0.65,-0.01,472755.58,492686.01,-19930.43,1195435.51,1256063.67,-60628.16,0.46,0.46,-0.01
2025-06-01,2025-06,USA,Central,3504908.91,1278315.34,2226593.54,3651491.53,1360428.4,2405068.35,-146582.62,-82113.06,-178474.81,0.64,0.66,-0.02,647133.99,664429.63,-17295.64,1579459.55,1740638.72,-161179.17,0.45,0.48,-0.03
2025-06-01,2025-06,USA,East,3179178.62,1142458.24,2036720.4,3447517.02,1205753.14,2121834.09,-268338.4,-63294.9,-85113.69,0.64,0.62,0.03,624093.12,642895.46,-18802.34,1412627.28,1478938.63,-66311.35,0.44,0.43,0.02
2025-06-01,2025-06,USA,International,2645680.89,969740.42,1675940.47,2833917.65,1027639.98,1787936.14,-188236.76,-57899.56,-111995.67,0.63,0.63,0.0,507651.51,529019.98,-21368.47,1168288.96,1258916.16,-90627.2,0.44,0.44,-0.0
2025-06-01,2025-06,USA,West,4209343.52,1531520.22,2677823.3,4462294.1,1601644.51,2795819.35,-252950.58,-70124.29,-117996.05,0.64,0.63,0.01,744325.82,783460.86,-39135.04,1933497.48,2012358.49,-78861.01,0.46,0.45,0.01
2025-07-01,2025-07,Canada,Central,2540237.63,904107.78,1636129.87,2603012.45,942767.93,1714544.27,-62774.82,-38660.15,-78414.4,0.64,0.66,-0.01,472115.91,499583.12,-27467.21,1164013.96,1214961.15,-50947.19,0.46,0.47,-0.01
2025-07-01,2025-07,Canada,East,2476049.86,900161.64,1575888.22,2620721.4,953102.22,1665921.72,-144671.54,-52940.58,-90033.5,0.64,0.64,0.0,426409.92,444591.55,-18181.63,1149478.3,1221330.17,-71851.87,0.46,0.47,-0.0
2025-07-01,2025-07,Canada,International,2051315.89,746855.09,1304460.81,2156288.65,784201.22,1353754.91,-104972.76,-37346.13,-49294.1,0.64,0.63,0.01,383339.75,405598.63,-22258.88,921121.06,948156.28,-27035.22,0.45,0.44,0.01
2025-07-01,2025-07,Canada,West,2972528.89,1083357.29,1889171.58,3097426.83,1149356.26,1967658.62,-124897.94,-65998.97,-78487.04,0.64,0.64,0.0,554194.8,576272.45,-22077.65,1334976.78,1391386.17,-56409.39,0.45,0.45,-0.0
2025-07-01,2025-07,UK,Central,2080074.61,761862.02,1318212.57,2191167.39,799642.7,1383893.54,-111092.78,-37780.68,-65680.97,0.63,0.63,0.0,405503.31,418103.16,-12599.85,912709.26,965790.38,-53081.12,0.44,0.44,-0.0
2025-07-01,2025-07,UK,East,2068959.29,756268.47,1312690.81,2166248.43,796860.47,1373819.89,-97289.14,-40592.0,-61129.08,0.63,0.63,0.0,369819.06,378696.01,-8876.95,942871.75,995123.88,-52252.13,0.46,0.46,-0.0
2025-07-01,2025-07,UK,International,1782890.91,650225.88,1132665.03,1874313.39,674352.88,1194204.28,-91422.48,-24127.0,-61539.25,0.64,0.64,-0.0,310892.31,329174.21,-18281.9,821772.72,865030.07,-43257.35,0.46,0.46,-0.0
2025-07-01,2025-07,UK,West,2420046.2,886458.15,1533588.06,2516328.41,939649.65,1590958.26,-96282.21,-53191.5,-57370.2,0.63,0.63,0.0,462521.87,474011.92,-11490.05,1071066.19,1116946.34,-45880.15,0.44,0.44,-0.0
2025-07-01,2025-07,USA,Central,3734249.9,1344961.98,2389287.94,3921103.56,1379664.84,2462206.17,-186853.66,-34702.86,-72918.23,0.64,0.63,0.01,647022.32,669186.8,-22164.48,1742265.62,1793019.37,-50753.75,0.47,0.46,0.01
2025-07-01,2025-07,USA,East,3416667.4,1229238.93,2187428.44,3602448.96,1305167.69,2295713.12,-185781.56,-75928.76,-108284.68,0.64,0.64,0.0,595128.1,629906.38,-34778.28,1592300.34,1665806.74,-73506.4,0.47,0.46,0.0
2025-07-01,2025-07,USA,International,2723932.75,1002251.25,1721681.49,2901793.86,1051051.71,1770701.16,-177861.11,-48800.46,-49019.67,0.63,0.61,0.02,505268.71,513336.62,-8067.91,1216412.78,1257364.54,-40951.76,0.45,0.43,0.01
2025-07-01,2025-07,USA,West,4061562.85,1453287.16,2608275.7,4311761.67,1524020.96,2724810.95,-250198.82,-70733.8,-116535.25,0.64,0.63,0.01,737022.39,765070.98,-28048.59,1871253.31,1959739.97,-88486.66,0.46,0.45,0.01
2025-08-01,2025-08,Canada,Central,2611004.37,945450.51,1665553.86,2709143.52,1006138.97,1753428.08,-98139.15,-60688.46,-87874.22,0.64,0.65,-0.01,472477.56,479679.49,-7201.93,1193076.3,1273748.59,-80672.29,0.46,0.47,-0.01
2025-08-01,2025-08,Canada,East,2427322.54,879827.86,1547494.71,2557356.39,936344.68,1635896.24,-130033.85,-56516.82,-88401.53,0.64,0.64,-0.0,461414.45,482780.78,-21366.33,1086080.26,1153115.46,-67035.2,0.45,0.45,-0.0
2025-08-01,2025-08,Canada,International,1916990.95,684360.93,1232630.03,2023296.43,713194.94,1284518.51,-106305.48,-28834.01,-51888.48,0.64,0.63,0.01,379533.86,392701.69,-13167.83,853096.17,891816.82,-38720.65,0.44,0.44,0.0
2025-08-01,2025-08,Canada,West,2924693.64,1054836.75,1869856.89,3029524.8,1092990.62,1965988.17,-104831.16,-38153.87,-96131.28,0.64,0.65,-0.01,554928.4,572718.03,-17789.63,1314928.49,1393270.14,-78341.65,0.45,0.46,-0.01
2025-08-01,2025-08,UK,Central,2090369.78,764343.59,1326026.19,2175234.06,794886.4,1371792.99,-84864.28,-30542.81,-45766.8,0.63,0.63,0.0,398180.62,415095.1,-16914.48,927845.57,956697.89,-28852.32,0.44,0.44,0.0
2025-08-01,2025-08,UK,East,2106341.04,773940.09,1332400.95,2202269.44,796145.01,1389547.92,-95928.4,-22204.92,-57146.97,0.63,0.63,0.0,382634.56,399797.12,-17162.56,949766.39,989750.8,-39984.41,0.45,0.45,0.0
2025-08-01,2025-08,UK,International,1716954.87,623038.27,1093916.6,1774917.65,656469.61,1146367.9,-57962.78,-33431.34,-52451.3,0.64,0.65,-0.01,332988.6,355095.17,-22106.57,760928.0,791272.73,-30344.73,0.44,0.45,-0.0
2025-08-01,2025-08,UK,West,2616143.17,954576.81,1661566.33,2729123.22,1005434.86,1752382.89,-112980.05,-50858.05,-90816.56,0.64,0.64,-0.01,481490.97,505405.44,-23914.47,1180075.36,1246977.45,-66902.09,0.45,0.46,-0.01
2025-08-01,2025-08,USA,Central,3666578.04,1340581.78,2325996.27,3788152.55,1412552.5,2458841.3,-121574.51,-71970.72,-132845.03,0.63,0.65,-0.01,653050.44,681316.83,-28266.39,1672945.83,1777524.47,-104578.64,0.46,0.47,-0.01
2025-08-01,2025-08,USA,East,3406836.38,1215433.33,2191403.03,3553829.92,1275366.54,2312383.44,-146993.54,-59933.21,-120980.41,0.64,0.65,-0.01,615047.75,642733.37,-27685.62,1576355.28,1669650.07,-93294.79,0.46,0.47,-0.01
2025-08-01,2025-08,USA,International,2782095.27,1012983.46,1769111.81,2930133.9,1066102.2,1847024.9,-148038.63,-53118.74,-77913.09,0.64,0.63,0.01,516650.01,536017.44,-19367.43,1252461.8,1311007.46,-58545.66,0.45,0.45,0.0
2025-08-01,2025-08,USA,West,4072211.68,1490259.23,2581952.46,4315238.8,1553421.42,2737174.9,-243027.12,-63162.19,-155222.44,0.63,0.63,-0.0,736175.38,742664.37,-6488.99,1845777.08,1994510.53,-148733.45,0.45,0.46,-0.01
2025-09-01,2025-09,Canada,Central,2688246.9,983664.14,1704582.75,2813893.35,1036285.33,1787258.84,-125646.45,-52621.19,-82676.09,0.63,0.64,-0.0,473155.0,493032.91,-19877.91,1231427.75,1294225.93,-62798.18,0.46,0.46,-0.0
2025-09-01,2025-09,Canada,East,2564151.91,925670.76,1638481.19,2682895.71,950808.97,1711902.13,-118743.8,-25138.21,-73420.94,0.64,0.64,0.0,447352.05,467407.18,-20055.13,1191129.14,1244494.95,-53365.81,0.46,0.46,0.0
2025-09-01,2025-09,Canada,International,2196897.76,791433.24,1405464.54,2272990.26,825687.46,1480541.66,-76092.5,-34254.22,-75077.12,0.64,0.65,-0.01,387572.85,413091.92,-25519.07,1017891.69,1067449.74,-49558.05,0.46,0.47,-0.01
2025-09-01,2025-09,Canada,West,3090211.28,1143531.11,1946680.17,3220513.8,1199472.67,2019086.68,-130302.52,-55941.56,-72406.51,0.63,0.63,0.0,533705.47,555655.56,-21950.09,1412974.7,1463431.12,-50456.42,0.46,0.45,0.0
2025-09-01,2025-09,UK,Central,2381937.3,866790.92,1515146.37,2493893.33,913643.29,1600053.02,-111956.03,-46852.37,-84906.65,0.64,0.64,-0.01,427864.53,459010.44,-31145.91,1087281.84,1141042.58,-53760.74,0.46,0.46,-0.0
2025-09-01,2025-09,UK,East,2159121.47,789870.27,1369251.19,2265315.26,843820.64,1443143.11,-106193.79,-53950.37,-73891.92,0.63,0.64,-0.0,374850.72,392990.4,-18139.68,994400.47,1050152.71,-55752.24,0.46,0.46,-0.0
2025-09-01,2025-09,UK,International,1730200.47,638088.15,1092112.31,1799022.55,669326.23,1152889.48,-68822.08,-31238.08,-60777.17,0.63,0.64,-0.01,324006.67,339543.01,-15536.34,768105.64,813346.47,-45240.83,0.44,0.45,-0.01
2025-09-01,2025-09,UK,West,2551459.36,934010.43,1617448.93,2691202.25,986809.98,1695227.54,-139742.89,-52799.55,-77778.61,0.63,0.63,0.0,464536.75,476695.02,-12158.27,1152912.18,1218532.52,-65620.34,0.45,0.45,-0.0
2025-09-01,2025-09,USA,Central,3513102.09,1282854.18,2230247.93,3697728.97,1362827.73,2323848.18,-184626.88,-79973.55,-93600.25,0.63,0.63,0.01,625550.22,638566.06,-13015.84,1604697.71,1685282.12,-80584.41,0.46,0.46,0.0
2025-09-01,2025-09,USA,East,3411702.78,1229812.78,2181890.01,3567417.99,1274623.47,2306416.81,-155715.21,-44810.69,-124526.8,0.64,0.65,-0.01,627097.17,662241.64,-35144.47,1554792.84,1644175.17,-89382.33,0.46,0.46,-0.01
2025-09-01,2025-09,USA,International,3050005.67,1084211.47,1965794.2,3162519.14,1143499.74,2051128.49,-112513.47,-59288.27,-85334.29,0.64,0.65,-0.0,500631.07,510466.11,-9835.04,1465163.13,1540662.38,-75499.25,0.48,0.49,-0.01
2025-09-01,2025-09,USA,West,4160754.87,1510548.71,2650206.18,4336540.72,1593185.81,2772006.87,-175785.85,-82637.1,-121800.69,0.64,0.64,-0.0,699174.39,749584.54,-50410.15,1951031.79,2022422.33,-71390.54,0.47,0.47,0.0
2025-10-01,2025-10,Canada,Central,2631724.89,934004.29,1697720.61,2770541.85,987478.95,1799448.8,-138816.96,-53474.66,-101728.19,0.65,0.65,-0.0,479235.6,507537.95,-28302.35,1218485.01,1291910.85,-73425.84,0.46,0.47,-0.0
2025-10-01,2025-10,Canada,East,2810058.23,1011943.35,1798114.91,2939778.31,1067588.61,1888410.75,-129720.08,-55645.26,-90295.84,0.64,0.64,-0.0,457383.39,465850.24,-8466.85,1340731.52,1422560.51,-81828.99,0.48,0.48,-0.01
2025-10-01,2025-10,Canada,International,2191228.42,799445.85,1391782.55,2335252.65,842692.39,1482577.56,-144024.23,-43246.54,-90795.01,0.64,0.63,0.0,376848.88,395706.3,-18857.42,1014933.67,1086871.26,-71937.59,0.46,0.47,-0.0
2025-10-01,2025-10,Canada,West,3215459.07,1166861.51,2048597.55,3334828.01,1256286.25,2133309.16,-119368.94,-89424.74,-84711.61,0.64,0.64,-0.0,541434.72,558955.48,-17520.76,1507162.83,1574353.68,-67190.85,0.47,0.47,-0.0
2025-10-01,2025-10,UK,Central,2242659.12,816844.81,1425814.31,2387023.74,862576.48,1491513.02,-144364.62,-45731.67,-65698.71,0.64,0.62,0.01,382548.72,396853.2,-14304.48,1043265.59,1094659.82,-51394.23,0.47,0.46,0.01
2025-10-01,2025-10,UK,East,2181897.2,799696.48,1382200.72,2294638.84,831635.9,1447083.5,-112741.64,-31939.42,-64882.78,0.63,0.63,0.0,374347.0,390727.05,-16380.05,1007853.72,1056356.45,-48502.73,0.46,0.46,0.0
2025-10-01,2025-10,UK,International,1877450.44,683164.21,1194286.25,1997086.46,709409.31,1250617.9,-119636.02,-26245.1,-56331.65,0.64,0.63,0.01,332795.26,349938.51,-17143.25,861490.99,900679.39,-39188.4,0.46,0.45,0.01
2025-10-01,2025-10,UK,West,2566699.93,942360.48,1624339.44,2724827.16,986959.86,1683290.92,-158127.23,-44599.38,-58951.48,0.63,0.62,0.02,473957.1,491549.89,-17592.79,1150382.34,1191741.03,-41358.69,0.45,0.44,0.01
2025-10-01,2025-10,USA,Central,3677793.2,1331987.8,2345805.4,3886621.01,1390706.99,2462232.99,-208827.81,-58719.19,-116427.59,0.64,0.63,0.0,652103.18,686302.94,-34199.76,1693702.22,1775930.05,-82227.83,0.46,0.46,0.0
2025-10-01,2025-10,USA,East,3402266.78,1259327.95,2142938.83,3647939.3,1295794.06,2242089.02,-245672.52,-36466.11,-99150.19,0.63,0.61,0.02,631313.42,654838.71,-23525.29,1511625.41,1587250.31,-75624.9,0.44,0.44,0.01
2025-10-01,2025-10,USA,International,2797163.06,1018451.36,1778711.7,2941454.58,1082249.68,1872283.11,-144291.52,-63798.32,-93571.41,0.64,0.64,-0.0,507784.05,537981.26,-30197.21,1270927.65,1334301.85,-63374.2,0.45,0.45,0.0
2025-10-01,2025-10,USA,West,4219015.96,1525039.19,2693976.77,4404438.41,1607658.86,2824426.91,-185422.45,-82619.67,-130450.14,0.64,0.64,-0.0,732779.56,749667.29,-16887.73,1961197.21,2074759.62,-113562.41,0.46,0.47,-0.01
2025-11-01,2025-11,Canada,Central,2892744.6,1060553.82,1832190.79,2979907.14,1104671.52,1936394.77,-87162.54,-44117.7,-104203.98,0.63,0.65,-0.02,485492.13,503903.49,-18411.36,1346698.66,1432491.28,-85792.62,0.47,0.48,-0.02
2025-11-01,2025-11,Canada,East,2608524.62,959790.62,1648733.99,2718204.46,1002913.79,1738753.07,-109679.84,-43123.17,-90019.08,0.63,0.64,-0.01,463843.23,484950.05,-21106.82,1184890.76,1253803.02,-68912.26,0.45,0.46,-0.01
2025-11-01,2025-11,Canada,International,2347250.68,852755.19,1494495.5,2450084.77,890569.29,1549786.05,-102834.09,-37814.1,-55290.55,0.64,0.63,0.0,380876.48,394665.12,-13788.64,1113619.02,1155120.93,-41501.91,0.47,0.47,0.0
2025-11-01,2025-11,Canada,West,3278025.88,1177155.74,2100870.16,3494498.46,1251066.78,2208386.14,-216472.58,-73911.04,-107515.98,0.64,0.63,0.01,561973.54,572955.9,-10982.36,1538896.62,1635430.24,-96533.62,0.47,0.47,0.0
2025-11-01,2025-11,UK,Central,2508771.36,915885.6,1592885.75,2629539.46,969464.49,1631668.08,-120768.1,-53578.89,-38782.33,0.63,0.62,0.01,425171.66,440873.16,-15701.5,1167714.09,1190794.92,-23080.83,0.47,0.45,0.01
2025-11-01,2025-11,UK,East,2165463.19,777195.04,1388268.16,2288727.81,798694.66,1466369.8,-123264.62,-21499.62,-78101.64,0.64,0.64,0.0,408282.08,423602.44,-15320.36,979986.08,1042767.36,-62781.28,0.45,0.46,-0.0
2025-11-01,2025-11,UK,International,1923607.26,710950.64,1212656.61,1980771.05,737008.21,1290311.06,-57163.79,-26057.57,-77654.45,0.63,0.65,-0.02,324639.46,345565.47,-20926.01,888017.15,944745.59,-56728.44,0.46,0.48,-0.02
2025-11-01,2025-11,UK,West,2852228.42,1035855.33,1816373.08,3033151.41,1088186.06,1917555.26,-180922.99,-52330.73,-101182.18,0.64,0.63,0.0,473240.86,494950.74,-21709.88,1343132.22,1422604.52,-79472.3,0.47,0.47,0.0
2025-11-01,2025-11,USA,Central,3896007.33,1416344.6,2479662.74,4112096.51,1531757.27,2623794.36,-216089.18,-115412.67,-144131.62,0.64,0.64,-0.0,649002.63,674386.49,-25383.86,1830660.11,1949407.87,-118747.76,0.47,0.47,-0.0
2025-11-01,2025-11,USA,East,3536088.71,1271228.72,2264859.97,3640586.09,1341892.43,2387939.53,-104497.38,-70663.71,-123079.56,0.64,0.66,-0.02,606225.54,623002.58,-16777.04,1658634.43,1764936.95,-106302.52,0.47,0.48,-0.02
2025-11-01,2025-11,USA,International,3182287.16,1140848.25,2041438.9,3369968.23,1202634.74,2118289.23,-187681.07,-61786.49,-76850.33,0.64,0.63,0.01,512323.79,541846.5,-29522.71,1529115.11,1576442.73,-47327.62,0.48,0.47,0.01
2025-11-01,2025-11,USA,West,4323584.05,1582452.95,2741131.09,4480245.1,1664743.04,2845676.75,-156661.05,-82290.09,-104545.66,0.63,0.64,-0.0,738225.94,762217.64,-23991.7,2002905.15,2083459.11,-80553.96,0.46,0.46,-0.0
2025-12-01,2025-12,Canada,Central,3025124.45,1091603.65,1933520.82,3200691.05,1147189.53,2027610.86,-175566.6,-55585.88,-94090.04,0.64,0.63,0.01,477279.34,490636.98,-13357.64,1456241.48,1536973.88,-80732.4,0.48,0.48,0.0
2025-12-01,2025-12,Canada,East,2801429.83,1012151.67,1789278.16,2911521.41,1027865.0,1856587.08,-110091.58,-15713.33,-67308.92,0.64,0.64,0.0,458822.92,485264.23,-26441.31,1330455.24,1371322.85,-40867.61,0.47,0.47,0.0
2025-12-01,2025-12,Canada,International,2370182.34,840429.62,1529752.73,2496863.6,878958.51,1590800.24,-126681.26,-38528.89,-61047.51,0.65,0.64,0.01,392834.93,401838.57,-9003.64,1136917.8,1188961.67,-52043.87,0.48,0.48,0.0
2025-12-01,2025-12,Canada,West,3432962.99,1270125.99,2162836.98,3617090.55,1334207.11,2275959.64,-184127.56,-64081.12,-113122.66,0.63,0.63,0.0,554833.5,565318.19,-10484.69,1608003.48,1710641.45,-102637.97,0.47,0.47,-0.0
2025-12-01,2025-12,UK,Central,2569337.79,936617.33,1632720.46,2757089.75,991435.78,1712396.01,-187751.96,-54818.45,-79675.55,0.64,0.62,0.01,409491.72,428965.98,-19474.26,1223228.74,1283430.03,-60201.29,0.48,0.47,0.01
2025-12-01,2025-12,UK,East,2611527.7,970281.23,1641246.49,2748395.79,1028432.38,1731614.1,-136868.09,-58151.15,-90367.61,0.63,0.63,-0.0,390195.8,403245.06,-13049.26,1251050.69,1328369.04,-77318.35,0.48,0.48,-0.0
2025-12-01,2025-12,UK,International,2079400.51,757407.08,1321993.41,2132557.92,804593.56,1405289.06,-53157.41,-47186.48,-83295.65,0.64,0.66,-0.02,332112.25,350886.9,-18774.65,989881.16,1054402.16,-64521.0,0.48,0.49,-0.02
2025-12-01,2025-12,UK,West,2920249.48,1054183.83,1866065.65,3066243.96,1119465.15,1974931.54,-145994.48,-65281.32,-108865.89,0.64,0.64,-0.01,471435.48,493682.6,-22247.12,1394630.17,1481248.94,-86618.77,0.48,0.48,-0.01
2025-12-01,2025-12,USA,Central,4064923.22,1469656.66,2595266.57,4298566.24,1548971.18,2755381.15,-233643.02,-79314.52,-160114.58,0.64,0.64,-0.0,657410.09,689705.84,-32295.75,1937856.48,2065675.31,-127818.83,0.48,0.48,-0.0
2025-12-01,2025-12,USA,East,3880742.35,1409436.85,2471305.46,4052678.48,1468028.82,2580083.83,-171936.13,-58591.97,-108778.37,0.64,0.64,0.0,623251.71,648627.62,-25375.91,1848053.75,1931456.21,-83402.46,0.48,0.48,-0.0
2025-12-01,2025-12,USA,International,3332498.65,1220325.55,2112173.1,3492964.41,1274487.08,2234209.48,-160465.76,-54161.53,-122036.38,0.63,0.64,-0.01,516020.65,518683.78,-2663.13,1596152.45,1715525.7,-119373.25,0.48,0.49,-0.01
2025-12-01,2025-12,USA,West,4663426.48,1688177.3,2975249.16,4787927.61,1755896.44,3055532.23,-124501.13,-67719.14,-80283.07,0.64,0.64,-0.0,720937.06,733035.25,-12098.19,2254312.1,2322496.98,-68184.88,0.48,0.49,-0.0
