month_start,period,entity,region,actual_revenue,actual_cogs,actual_gross_profit,budget_revenue,budget_cogs,budget_gross_profit,revenue_variance,cogs_variance,gross_profit_variance,gross_margin_pct_actual,gross_margin_pct_budget,gross_margin_pct_variance
2023-01-01,2023-01,Canada,Central,1866084.26,681176.26,1184908.0,1919153.04,713429.51,1245373.62,-53068.78,-32253.25,-60465.62,0.64,0.65,-0.01
2023-01-01,2023-01,Canada,East,1854354.83,665981.54,1188373.31,1935722.14,696672.46,1243413.39,-81367.31,-30690.92,-55040.08,0.64,0.64,-0.0
2023-01-01,2023-01,Canada,International,1531250.88,553295.28,977955.61,1606714.01,584934.84,1038160.42,-75463.13,-31639.56,-60204.81,0.64,0.65,-0.01
2023-01-01,2023-01,Canada,West,2160337.32,783513.56,1376823.77,2286877.41,830662.69,1460718.45,-126540.09,-47149.13,-83894.68,0.64,0.64,-0.0
2023-01-01,2023-01,UK,Central,1602600.33,582885.25,1019715.08,1697985.43,600140.73,1067818.77,-95385.1,-17255.48,-48103.69,0.64,0.63,0.01
2023-01-01,2023-01,UK,East,1539335.64,572662.11,966673.53,1621340.23,612539.15,1020117.44,-82004.59,-39877.04,-53443.91,0.63,0.63,-0.0
2023-01-01,2023-01,UK,International,1347613.08,499224.92,848388.17,1403329.38,525286.19,884685.14,-55716.3,-26061.27,-36296.97,0.63,0.63,-0.0
2023-01-01,2023-01,UK,West,1970553.67,700010.72,1270542.96,2049467.22,747178.09,1336071.28,-78913.55,-47167.37,-65528.32,0.64,0.65,-0.01
2023-01-01,2023-01,USA,Central,2730710.88,979122.61,1751588.27,2879928.22,1033580.68,1833998.0,-149217.34,-54458.07,-82409.73,0.64,0.64,0.0
2023-01-01,2023-01,USA,East,2536519.27,929193.76,1607325.49,2633511.32,950863.34,1701634.64,-96992.05,-21669.58,-94309.15,0.63,0.65,-0.01
2023-01-01,2023-01,USA,International,2122295.45,802899.98,1319395.48,2240243.31,834362.72,1392171.38,-117947.86,-31462.74,-72775.9,0.62,0.62,0.0
2023-01-01,2023-01,USA,West,2821823.72,1040648.73,1781174.98,2875802.13,1084043.26,1889224.08,-53978.41,-43394.53,-108049.1,0.63,0.66,-0.03
2023-02-01,2023-02,Canada,Central,2052019.8,758168.16,1293851.64,2138323.97,793186.03,1348565.5,-86304.17,-35017.87,-54713.86,0.63,0.63,-0.0
2023-02-01,2023-02,Canada,East,1917652.1,689355.53,1228296.56,2053626.16,728217.32,1288865.99,-135974.06,-38861.79,-60569.43,0.64,0.63,0.01
2023-02-01,2023-02,Canada,International,1601967.19,594047.66,1007919.52,1664615.29,623504.36,1059076.85,-62648.1,-29456.7,-51157.33,0.63,0.64,-0.01
2023-02-01,2023-02,Canada,West,2211398.82,801333.07,1410065.76,2328948.46,847862.45,1500426.31,-117549.64,-46529.38,-90360.55,0.64,0.64,-0.01
2023-02-01,2023-02,UK,Central,1726381.57,619924.78,1106456.81,1795176.7,655824.11,1165224.59,-68795.13,-35899.33,-58767.78,0.64,0.65,-0.01
2023-02-01,2023-02,UK,East,1638623.73,609556.74,1029066.99,1742920.58,644789.86,1088694.5,-104296.85,-35233.12,-59627.51,0.63,0.62,0.0
2023-02-01,2023-02,UK,International,1278158.07,469456.32,808701.75,1344285.63,488077.39,850334.53,-66127.56,-18621.07,-41632.78,0.63,0.63,0.0
2023-02-01,2023-02,UK,West,2052546.53,740059.2,1312487.29,2137991.06,779142.87,1418479.15,-85444.53,-39083.67,-105991.86,0.64,0.66,-0.02
2023-02-01,2023-02,USA,Central,2666448.82,967880.66,1698568.17,2829762.67,1016954.98,1776409.68,-163313.85,-49074.32,-77841.51,0.64,0.63,0.01
2023-02-01,2023-02,USA,East,2469104.66,903097.01,1566007.65,2575185.3,961586.95,1655525.26,-106080.64,-58489.94,-89517.61,0.63,0.64,-0.01
2023-02-01,2023-02,USA,International,1994106.44,717469.55,1276636.88,2074636.32,741251.43,1371788.54,-80529.88,-23781.88,-95151.66,0.64,0.66,-0.02
2023-02-01,2023-02,USA,West,3021914.95,1084283.45,1937631.5,3155598.6,1147191.36,2015731.41,-133683.65,-62907.91,-78099.91,0.64,0.64,0.0
2023-03-01,2023-03,Canada,Central,2033983.87,747015.23,1286968.62,2139890.14,790906.88,1358163.99,-105906.27,-43891.65,-71195.37,0.63,0.63,-0.0
2023-03-01,2023-03,Canada,East,1933269.72,695649.75,1237619.97,2064009.67,739675.26,1271808.66,-130739.95,-44025.51,-34188.69,0.64,0.62,0.02
2023-03-01,2023-03,Canada,International,1594158.6,575814.28,1018344.33,1688213.53,599338.7,1084312.51,-94054.93,-23524.42,-65968.18,0.64,0.64,-0.0
2023-03-01,2023-03,Canada,West,2412265.14,849845.51,1562419.66,2567150.97,897873.97,1638511.37,-154885.83,-48028.46,-76091.71,0.65,0.64,0.01
2023-03-01,2023-03,UK,Central,1870642.32,683563.69,1187078.63,1978764.43,715290.59,1242861.49,-108122.11,-31726.9,-55782.86,0.63,0.63,0.01
2023-03-01,2023-03,UK,East,1602742.45,588838.29,1013904.16,1675113.79,617430.66,1070382.39,-72371.34,-28592.37,-56478.23,0.63,0.64,-0.01
2023-03-01,2023-03,UK,International,1394897.04,513303.57,881593.49,1462312.43,540076.86,924361.54,-67415.39,-26773.29,-42768.05,0.63,0.63,-0.0
2023-03-01,2023-03,UK,West,2072077.18,762368.91,1309708.25,2175495.19,797885.28,1387072.41,-103418.01,-35516.37,-77364.16,0.63,0.64,-0.01
2023-03-01,2023-03,USA,Central,2738483.68,997239.78,1741243.9,2842509.01,1033031.74,1821766.08,-104025.33,-35791.96,-80522.18,0.64,0.64,-0.01
2023-03-01,2023-03,USA,East,2648437.57,965437.7,1682999.86,2797196.07,1017243.68,1769637.7,-148758.5,-51805.98,-86637.84,0.64,0.63,0.0
2023-03-01,2023-03,USA,International,2145075.75,788307.51,1356768.25,2291575.26,834674.0,1443691.68,-146499.51,-46366.49,-86923.43,0.63,0.63,0.0
2023-03-01,2023-03,USA,West,3160111.8,1165011.68,1995100.12,3298420.21,1205280.03,2101594.67,-138308.41,-40268.35,-106494.55,0.63,0.64,-0.01
2023-04-01,2023-04,Canada,Central,2219345.54,817083.06,1402262.47,2331850.42,849493.78,1461443.99,-112504.88,-32410.72,-59181.52,0.63,0.63,0.01
2023-04-01,2023-04,Canada,East,1985387.28,731252.85,1254134.42,2101807.34,763941.47,1298450.04,-116420.06,-32688.62,-44315.62,0.63,0.62,0.01
2023-04-01,2023-04,Canada,International,1705978.8,609870.6,1096108.18,1767033.7,636072.98,1136733.04,-61054.9,-26202.38,-40624.86,0.64,0.64,-0.0
2023-04-01,2023-04,Canada,West,2385600.41,863565.96,1522034.47,2465938.31,921896.65,1606146.41,-80337.9,-58330.69,-84111.94,0.64,0.65,-0.01
2023-04-01,2023-04,UK,Central,1927253.46,712845.18,1214408.28,2014649.43,760910.54,1272656.08,-87395.97,-48065.36,-58247.8,0.63,0.63,-0.0
2023-04-01,2023-04,UK,East,1678765.1,610072.82,1068692.3,1786519.59,632061.34,1122207.7,-107754.49,-21988.52,-53515.4,0.64,0.63,0.01
2023-04-01,2023-04,UK,International,1475148.98,531038.05,944110.94,1527486.45,555526.64,982116.01,-52337.47,-24488.59,-38005.07,0.64,0.64,-0.0
2023-04-01,2023-04,UK,West,2044172.66,738783.46,1305389.19,2164577.05,783381.06,1360969.11,-120404.39,-44597.6,-55579.92,0.64,0.63,0.01
2023-04-01,2023-04,USA,Central,2900136.14,1071387.06,1828749.07,2978407.4,1118033.25,1896181.59,-78271.26,-46646.19,-67432.52,0.63,0.64,-0.01
2023-04-01,2023-04,USA,East,2633040.28,974206.3,1658834.01,2767471.6,1021817.86,1746682.23,-134431.32,-47611.56,-87848.22,0.63,0.63,-0.0
2023-04-01,2023-04,USA,International,2284372.16,834936.16,1449436.02,2400623.59,865861.92,1516982.75,-116251.43,-30925.76,-67546.73,0.63,0.63,0.0
2023-04-01,2023-04,USA,West,3284667.86,1206960.13,2077707.76,3522107.78,1254163.54,2172067.92,-237439.92,-47203.41,-94360.16,0.63,0.62,0.02
2023-05-01,2023-05,Canada,Central,2185447.6,786500.15,1398947.46,2321144.21,830599.29,1472899.02,-135696.61,-44099.14,-73951.56,0.64,0.63,0.01
2023-05-01,2023-05,Canada,East,2065314.36,739466.85,1325847.54,2153537.07,774416.99,1405252.8,-88222.71,-34950.14,-79405.26,0.64,0.65,-0.01
2023-05-01,2023-05,Canada,International,1813236.91,659002.14,1154234.78,1908190.32,693502.74,1243387.66,-94953.41,-34500.6,-89152.88,0.64,0.65,-0.01
2023-05-01,2023-05,Canada,West,2477380.33,900584.38,1576795.94,2550252.76,944863.59,1650940.78,-72872.43,-44279.21,-74144.84,0.64,0.65,-0.01
2023-05-01,2023-05,UK,Central,1837948.28,659466.79,1178481.53,1943755.32,693382.02,1247484.3,-105807.04,-33915.23,-69002.77,0.64,0.64,-0.0
2023-05-01,2023-05,UK,East,1694545.42,619259.02,1075286.4,1780162.05,640925.92,1129652.24,-85616.63,-21666.9,-54365.84,0.63,0.63,0.0
2023-05-01,2023-05,UK,International,1423738.26,522628.78,901109.47,1500143.7,549072.99,935326.12,-76405.44,-26444.21,-34216.65,0.63,0.62,0.01
2023-05-01,2023-05,UK,West,2098378.72,757862.19,1340516.53,2204942.94,783063.85,1387117.71,-106564.22,-25201.66,-46601.18,0.64,0.63,0.01
2023-05-01,2023-05,USA,Central,2966224.89,1099496.2,1866728.66,3165766.4,1153027.7,1948285.09,-199541.51,-53531.5,-81556.43,0.63,0.62,0.01
2023-05-01,2023-05,USA,East,2829166.35,1025963.93,1803202.41,2952090.64,1069066.93,1901810.29,-122924.29,-43103.0,-98607.88,0.64,0.64,-0.01
2023-05-01,2023-05,USA,International,2492610.91,909820.24,1582790.66,2591737.93,963359.66,1699696.34,-99127.02,-53539.42,-116905.68,0.64,0.66,-0.02
2023-05-01,2023-05,USA,West,3361892.03,1227838.82,2134053.2,3556544.3,1303321.2,2213739.96,-194652.27,-75482.38,-79686.76,0.63,0.62,0.01
2023-06-01,2023-06,Canada,Central,2242651.39,815532.38,1427119.01,2333955.03,866333.97,1490980.94,-91303.64,-50801.59,-63861.93,0.64,0.64,-0.0
2023-06-01,2023-06,Canada,East,2187249.46,799678.1,1387571.34,2264316.34,835894.12,1468396.11,-77066.88,-36216.02,-80824.77,0.63,0.65,-0.01
2023-06-01,2023-06,Canada,International,1841379.28,665532.73,1175846.53,1927346.81,712740.11,1209563.32,-85967.53,-47207.38,-33716.79,0.64,0.63,0.01
2023-06-01,2023-06,Canada,West,2637636.14,960312.54,1677323.61,2763439.3,1007909.55,1777440.37,-125803.16,-47597.01,-100116.76,0.64,0.64,-0.01
2023-06-01,2023-06,UK,Central,1904653.88,686457.61,1218196.27,2024612.75,724828.51,1275999.1,-119958.87,-38370.9,-57802.83,0.64,0.63,0.01
2023-06-01,2023-06,UK,East,1787451.0,655851.31,1131599.72,1885927.46,697885.11,1181570.29,-98476.46,-42033.8,-49970.57,0.63,0.63,0.01
2023-06-01,2023-06,UK,International,1435477.55,527524.49,907953.05,1477799.21,549902.16,952432.0,-42321.66,-22377.67,-44478.95,0.63,0.64,-0.01
2023-06-01,2023-06,UK,West,2180045.17,798569.84,1381475.33,2279830.11,841655.64,1449848.73,-99784.94,-43085.8,-68373.4,0.63,0.64,-0.0
2023-06-01,2023-06,USA,Central,2945269.57,1078463.32,1866806.25,3121530.63,1154134.24,1988700.43,-176261.06,-75670.92,-121894.18,0.63,0.64,-0.0
2023-06-01,2023-06,USA,East,2808824.16,999965.45,1808858.7,2943677.08,1073164.73,1897418.27,-134852.92,-73199.28,-88559.57,0.64,0.64,-0.0
2023-06-01,2023-06,USA,International,2473546.96,900251.54,1573295.44,2591605.8,925672.64,1637753.22,-118058.84,-25421.1,-64457.78,0.64,0.63,0.0
2023-06-01,2023-06,USA,West,3440064.57,1266754.98,2173309.58,3646108.66,1332417.54,2281471.81,-206044.09,-65662.56,-108162.23,0.63,0.63,0.01
2023-07-01,2023-07,Canada,Central,2244043.74,817054.54,1426989.2,2377592.66,859434.69,1492791.24,-133548.92,-42380.15,-65802.04,0.64,0.63,0.01
2023-07-01,2023-07,Canada,East,1935330.09,698900.53,1236429.56,2069092.54,735630.43,1296263.34,-133762.45,-36729.9,-59833.78,0.64,0.63,0.01
2023-07-01,2023-07,Canada,International,1768107.14,646615.59,1121491.57,1833809.46,680361.99,1163739.24,-65702.32,-33746.4,-42247.67,0.63,0.63,-0.0
2023-07-01,2023-07,Canada,West,2500353.37,921438.72,1578914.67,2606158.47,974178.37,1663514.38,-105805.1,-52739.65,-84599.71,0.63,0.64,-0.01
2023-07-01,2023-07,UK,Central,1897389.07,684441.04,1212948.03,2045649.48,725923.37,1289309.24,-148260.41,-41482.33,-76361.21,0.64,0.63,0.01
2023-07-01,2023-07,UK,East,1727306.27,622702.12,1104604.15,1806714.62,642212.03,1138238.32,-79408.35,-19509.91,-33634.17,0.64,0.63,0.01
2023-07-01,2023-07,UK,International,1533553.73,554427.23,979126.48,1588518.65,599150.75,1010281.09,-54964.92,-44723.52,-31154.61,0.64,0.64,0.0
2023-07-01,2023-07,UK,West,2180130.97,791428.81,1388702.15,2294145.95,832319.23,1483013.94,-114014.98,-40890.42,-94311.79,0.64,0.65,-0.01
2023-07-01,2023-07,USA,Central,2846417.26,1042814.68,1803602.6,3007998.5,1112076.88,1930298.05,-161581.24,-69262.2,-126695.45,0.63,0.64,-0.01
2023-07-01,2023-07,USA,East,2798505.27,1015700.75,1782804.51,2883960.78,1072904.7,1858357.04,-85455.51,-57203.95,-75552.53,0.64,0.64,-0.01
2023-07-01,2023-07,USA,International,2388579.84,864868.97,1523710.89,2488049.32,891827.96,1596008.36,-99469.48,-26958.99,-72297.47,0.64,0.64,-0.0
2023-07-01,2023-07,USA,West,3486393.16,1255918.57,2230474.58,3679881.49,1302952.63,2337320.09,-193488.33,-47034.06,-106845.51,0.64,0.64,0.0
2023-08-01,2023-08,Canada,Central,2274434.35,840406.5,1434027.86,2365266.03,872372.36,1494724.59,-90831.68,-31965.86,-60696.73,0.63,0.63,-0.0
2023-08-01,2023-08,Canada,East,2062544.36,759518.63,1303025.72,2194160.8,803432.06,1338190.84,-131616.44,-43913.43,-35165.12,0.63,0.61,0.02
2023-08-01,2023-08,Canada,International,1619706.42,600375.08,1019331.31,1671120.31,634521.66,1061082.12,-51413.89,-34146.58,-41750.81,0.63,0.64,-0.01
2023-08-01,2023-08,Canada,West,2496320.04,909414.01,1586905.99,2627721.17,952604.02,1674401.42,-131401.13,-43190.01,-87495.43,0.64,0.64,-0.0
2023-08-01,2023-08,UK,Central,1840462.0,672334.58,1168127.41,1897178.42,703393.54,1245910.75,-56716.42,-31058.96,-77783.34,0.63,0.66,-0.02
2023-08-01,2023-08,UK,East,1618887.95,596502.76,1022385.19,1694379.17,627387.92,1062603.84,-75491.22,-30885.16,-40218.65,0.63,0.63,0.0
2023-08-01,2023-08,UK,International,1536609.95,561387.04,975222.91,1605278.65,581872.78,1017773.59,-68668.7,-20485.74,-42550.68,0.63,0.63,0.0
2023-08-01,2023-08,UK,West,2077796.86,761177.86,1316618.99,2180289.04,790691.27,1355089.62,-102492.18,-29513.41,-38470.63,0.63,0.62,0.01
2023-08-01,2023-08,USA,Central,2889912.89,1066146.52,1823766.36,3018827.86,1118869.02,1892633.14,-128914.97,-52722.5,-68866.78,0.63,0.63,0.0
2023-08-01,2023-08,USA,East,2682718.09,968079.72,1714638.35,2847258.72,1023387.49,1803876.44,-164540.63,-55307.77,-89238.09,0.64,0.63,0.01
2023-08-01,2023-08,USA,International,2364563.03,874514.82,1490048.21,2509198.84,924592.88,1553588.09,-144635.81,-50078.06,-63539.88,0.63,0.62,0.01
2023-08-01,2023-08,USA,West,3220240.35,1148944.02,2071296.33,3382741.14,1213208.86,2150509.48,-162500.79,-64264.84,-79213.15,0.64,0.64,0.01
2023-09-01,2023-09,Canada,Central,2373606.3,866166.37,1507439.92,2451009.98,911389.17,1602848.38,-77403.68,-45222.8,-95408.46,0.64,0.65,-0.02
2023-09-01,2023-09,Canada,East,2117786.97,780129.19,1337657.76,2216693.52,820686.58,1413178.28,-98906.55,-40557.39,-75520.52,0.63,0.64,-0.01
2023-09-01,2023-09,Canada,International,1815221.65,660312.68,1154908.97,1894855.5,700759.88,1201134.94,-79633.85,-40447.2,-46225.97,0.64,0.63,0.0
2023-09-01,2023-09,Canada,West,2559973.6,930013.68,1629959.91,2708795.27,966937.08,1746620.47,-148821.67,-36923.4,-116660.56,0.64,0.64,-0.01
2023-09-01,2023-09,UK,Central,1926144.39,702692.6,1223451.8,2028688.04,749933.72,1275951.02,-102543.65,-47241.12,-52499.22,0.64,0.63,0.01
2023-09-01,2023-09,UK,East,1689669.51,608308.04,1081361.48,1777388.98,635543.92,1142429.07,-87719.47,-27235.88,-61067.59,0.64,0.64,-0.0
2023-09-01,2023-09,UK,International,1514751.56,558753.94,955997.63,1559810.12,582348.87,995185.29,-45058.56,-23594.93,-39187.66,0.63,0.64,-0.01
2023-09-01,2023-09,UK,West,2289992.54,831223.59,1458768.97,2421041.48,865867.02,1529247.97,-131048.94,-34643.43,-70479.0,0.64,0.63,0.01
2023-09-01,2023-09,USA,Central,3172930.51,1159818.72,2013111.77,3346169.58,1222486.93,2112349.03,-173239.07,-62668.21,-99237.26,0.63,0.63,0.0
2023-09-01,2023-09,USA,East,2825182.39,1030741.28,1794441.1,2975671.83,1098806.86,1867506.04,-150489.44,-68065.58,-73064.94,0.64,0.63,0.01
2023-09-01,2023-09,USA,International,2381378.41,872701.58,1508676.85,2494992.83,910926.4,1585708.55,-113614.42,-38224.82,-77031.7,0.63,0.64,-0.0
2023-09-01,2023-09,USA,West,3552994.39,1347459.12,2205535.27,3697906.5,1425543.0,2322081.71,-144912.11,-78083.88,-116546.44,0.62,0.63,-0.01
2023-10-01,2023-10,Canada,Central,2357422.68,848574.21,1508848.46,2505505.59,898160.01,1546599.58,-148082.91,-49585.8,-37751.12,0.64,0.62,0.02
2023-10-01,2023-10,Canada,East,2215440.73,813940.54,1401500.18,2352161.5,867817.45,1487276.1,-136720.77,-53876.91,-85775.92,0.63,0.63,0.0
2023-10-01,2023-10,Canada,International,1817620.74,656933.13,1160687.6,1914216.31,691249.68,1234545.4,-96595.57,-34316.55,-73857.8,0.64,0.64,-0.01
2023-10-01,2023-10,Canada,West,2792485.71,1020207.18,1772278.53,2938248.6,1084388.89,1859889.64,-145762.89,-64181.71,-87611.11,0.63,0.63,0.0
2023-10-01,2023-10,UK,Central,1965262.51,712010.8,1253251.71,2092952.84,752684.85,1323890.67,-127690.33,-40674.05,-70638.96,0.64,0.63,0.01
2023-10-01,2023-10,UK,East,1872594.9,683900.72,1188694.18,1964523.62,726024.49,1261864.71,-91928.72,-42123.77,-73170.53,0.63,0.64,-0.01
2023-10-01,2023-10,UK,International,1488296.99,560840.35,927456.65,1585900.36,584377.51,969000.78,-97603.37,-23537.16,-41544.13,0.62,0.61,0.01
2023-10-01,2023-10,UK,West,2202978.38,776196.73,1426781.66,2272182.61,827713.83,1499678.71,-69204.23,-51517.1,-72897.05,0.65,0.66,-0.01
2023-10-01,2023-10,USA,Central,3279093.87,1200367.35,2078726.53,3433747.35,1283527.16,2179597.96,-154653.48,-83159.81,-100871.43,0.63,0.63,-0.0
2023-10-01,2023-10,USA,East,3113467.61,1134401.48,1979066.12,3286923.82,1204438.38,2059524.99,-173456.21,-70036.9,-80458.87,0.64,0.63,0.01
2023-10-01,2023-10,USA,International,2419153.25,889831.2,1529322.04,2550274.35,923192.35,1607994.3,-131121.1,-33361.15,-78672.26,0.63,0.63,0.0
2023-10-01,2023-10,USA,West,3421389.25,1241167.79,2180221.46,3608291.13,1346363.53,2316959.3,-186901.88,-105195.74,-136737.84,0.64,0.64,-0.0
2023-11-01,2023-11,Canada,Central,2402730.67,882950.37,1519780.31,2557805.94,914787.37,1589465.56,-155075.27,-31837.0,-69685.25,0.63,0.62,0.01
2023-11-01,2023-11,Canada,East,2388046.31,871981.77,1516064.52,2540763.75,938740.31,1620417.86,-152717.44,-66758.54,-104353.34,0.63,0.64,-0.0
2023-11-01,2023-11,Canada,International,2020443.62,736195.78,1284247.84,2078270.96,780711.33,1358590.48,-57827.34,-44515.55,-74342.64,0.64,0.65,-0.02
2023-11-01,2023-11,Canada,West,2904312.44,1054799.59,1849512.84,3055202.37,1110576.68,1973947.08,-150889.93,-55777.09,-124434.24,0.64,0.65,-0.01
2023-11-01,2023-11,UK,Central,2040832.85,745838.06,1294994.8,2139461.25,784850.51,1361827.87,-98628.4,-39012.45,-66833.07,0.63,0.64,-0.0
2023-11-01,2023-11,UK,East,1910699.23,697186.26,1213512.95,2010813.91,742423.32,1249887.89,-100114.68,-45237.06,-36374.94,0.64,0.62,0.01
2023-11-01,2023-11,UK,International,1634163.24,592493.51,1041669.73,1698562.4,624348.46,1087666.98,-64399.16,-31854.95,-45997.25,0.64,0.64,-0.0
2023-11-01,2023-11,UK,West,2181482.65,808562.19,1372920.45,2302326.37,863426.6,1454179.99,-120843.72,-54864.41,-81259.54,0.63,0.63,-0.0
2023-11-01,2023-11,USA,Central,3348614.42,1223561.64,2125052.77,3503926.72,1272448.36,2213553.7,-155312.3,-48886.72,-88500.93,0.63,0.63,0.0
2023-11-01,2023-11,USA,East,3040921.56,1115846.43,1925075.12,3169036.42,1155234.57,2013656.13,-128114.86,-39388.14,-88581.01,0.63,0.64,-0.0
2023-11-01,2023-11,USA,International,2476038.63,919519.07,1556519.56,2595091.92,966252.38,1657677.05,-119053.29,-46733.31,-101157.49,0.63,0.64,-0.01
2023-11-01,2023-11,USA,West,3653717.31,1304950.15,2348767.14,3834474.86,1367311.64,2420256.92,-180757.55,-62361.49,-71489.78,0.64,0.63,0.01
2023-12-01,2023-12,Canada,Central,2554255.02,932018.9,1622236.11,2677044.27,998544.17,1714737.25,-122789.25,-66525.27,-92501.14,0.64,0.64,-0.01
2023-12-01,2023-12,Canada,East,2441992.23,881405.82,1560586.39,2571404.53,922100.86,1665088.92,-129412.3,-40695.04,-104502.53,0.64,0.65,-0.01
2023-12-01,2023-12,Canada,International,2075746.37,753647.89,1322098.5,2188678.97,789834.15,1395969.12,-112932.6,-36186.26,-73870.62,0.64,0.64,-0.0
2023-12-01,2023-12,Canada,West,2965481.16,1085422.42,1880058.75,3111726.67,1138280.77,1997968.14,-146245.51,-52858.35,-117909.39,0.63,0.64,-0.01
2023-12-01,2023-12,UK,Central,2170351.69,781052.86,1389298.84,2276542.35,810342.91,1465580.24,-106190.66,-29290.05,-76281.4,0.64,0.64,-0.0
2023-12-01,2023-12,UK,East,2012712.29,735929.18,1276783.15,2082715.73,763116.44,1356712.53,-70003.44,-27187.26,-79929.38,0.63,0.65,-0.02
2023-12-01,2023-12,UK,International,1628000.42,592170.53,1035829.88,1730017.46,619643.72,1081780.75,-102017.04,-27473.19,-45950.87,0.64,0.63,0.01
2023-12-01,2023-12,UK,West,2354309.66,850157.45,1504152.18,2499930.49,889879.41,1567014.6,-145620.83,-39721.96,-62862.42,0.64,0.63,0.01
2023-12-01,2023-12,USA,Central,3584631.88,1290984.76,2293647.1,3766134.3,1349197.48,2452745.92,-181502.42,-58212.72,-159098.82,0.64,0.65,-0.01
2023-12-01,2023-12,USA,East,3166215.2,1125219.66,2040995.51,3316210.42,1202996.86,2136342.79,-149995.22,-77777.2,-95347.28,0.64,0.64,0.0
2023-12-01,2023-12,USA,International,2572575.95,930369.86,1642206.07,2721503.64,1002187.99,1709146.98,-148927.69,-71818.13,-66940.91,0.64,0.63,0.01
2023-12-01,2023-12,USA,West,4088039.91,1514865.08,2573174.83,4293490.9,1600259.3,2689562.75,-205450.99,-85394.22,-116387.92,0.63,0.63,0.0
2024-01-01,2024-01,Canada,Central,2167508.99,799890.24,1367618.75,2261613.29,836274.79,1394111.68,-94104.3,-36384.55,-26492.93,0.63,0.62,0.01
2024-01-01,2024-01,Canada,East,1990101.88,732901.3,1257200.6,2107025.96,770158.04,1331424.99,-116924.08,-37256.74,-74224.39,0.63,0.63,-0.0
2024-01-01,2024-01,Canada,International,1700231.19,614429.63,1085801.56,1788899.13,638234.98,1136480.79,-88667.94,-23805.35,-50679.23,0.64,0.64,0.0
2024-01-01,2024-01,Canada,West,2452034.94,898002.06,1554032.88,2609655.22,945230.65,1633522.22,-157620.28,-47228.59,-79489.34,0.63,0.63,0.01
2024-01-01,2024-01,UK,Central,1826993.52,670465.95,1156527.56,1936411.25,699790.49,1237115.49,-109417.73,-29324.54,-80587.93,0.63,0.64,-0.01
2024-01-01,2024-01,UK,East,1653643.07,602850.44,1050792.62,1737899.27,635000.35,1113757.41,-84256.2,-32149.91,-62964.79,0.64,0.64,-0.01
2024-01-01,2024-01,UK,International,1325025.7,477458.61,847567.09,1404238.22,496782.97,906311.92,-79212.52,-19324.36,-58744.83,0.64,0.65,-0.01
2024-01-01,2024-01,UK,West,2028892.88,745674.55,1283218.34,2157587.35,782996.33,1360704.43,-128694.47,-37321.78,-77486.09,0.63,0.63,0.0
2024-01-01,2024-01,USA,Central,2942195.68,1073231.48,1868964.2,3111862.42,1141532.52,1944920.82,-169666.74,-68301.04,-75956.62,0.64,0.62,0.01
2024-01-01,2024-01,USA,East,2583006.4,946240.97,1636765.44,2726079.14,980458.73,1728322.8,-143072.74,-34217.76,-91557.36,0.63,0.63,-0.0
2024-01-01,2024-01,USA,International,2209250.54,808554.23,1400696.29,2328620.3,833798.9,1515821.74,-119369.76,-25244.67,-115125.45,0.63,0.65,-0.02
2024-01-01,2024-01,USA,West,3249885.29,1165375.55,2084509.72,3331923.79,1223361.67,2173944.21,-82038.5,-57986.12,-89434.49,0.64,0.65,-0.01
2024-02-01,2024-02,Canada,Central,2254542.34,820703.95,1433838.39,2369186.25,864176.51,1511989.58,-114643.91,-43472.56,-78151.19,0.64,0.64,-0.0
2024-02-01,2024-02,Canada,East,2041977.58,738125.45,1303852.13,2100180.08,762063.09,1384502.76,-58202.5,-23937.64,-80650.63,0.64,0.66,-0.02
2024-02-01,2024-02,Canada,International,1656765.58,593707.94,1063057.66,1719317.57,621039.23,1122323.96,-62551.99,-27331.29,-59266.3,0.64,0.65,-0.01
2024-02-01,2024-02,Canada,West,2493121.58,911411.62,1581709.98,2660361.46,953642.11,1653209.73,-167239.88,-42230.49,-71499.75,0.63,0.62,0.01
2024-02-01,2024-02,UK,Central,1881667.84,688047.57,1193620.26,1950474.06,729535.69,1240485.0,-68806.22,-41488.12,-46864.74,0.63,0.64,-0.0
2024-02-01,2024-02,UK,East,1720698.19,618795.21,1101902.99,1776972.68,650323.71,1138618.39,-56274.49,-31528.5,-36715.4,0.64,0.64,-0.0
2024-02-01,2024-02,UK,International,1515220.72,551340.8,963879.89,1623825.68,582334.56,1004411.64,-108604.96,-30993.76,-40531.75,0.64,0.62,0.02
2024-02-01,2024-02,UK,West,2107081.98,767546.32,1339535.67,2224396.12,803120.19,1389960.2,-117314.14,-35573.87,-50424.53,0.64,0.62,0.01
2024-02-01,2024-02,USA,Central,2951123.62,1059363.33,1891760.27,3072765.76,1120469.45,1998964.74,-121642.14,-61106.12,-107204.47,0.64,0.65,-0.01
2024-02-01,2024-02,USA,East,2801236.2,1018294.7,1782941.49,2973087.37,1072025.96,1916255.98,-171851.17,-53731.26,-133314.49,0.64,0.64,-0.01
2024-02-01,2024-02,USA,International,2243511.5,804346.32,1439165.18,2331400.79,844022.42,1508842.27,-87889.29,-39676.1,-69677.09,0.64,0.65,-0.01
2024-02-01,2024-02,USA,West,3231581.49,1197383.05,2034198.42,3389965.43,1280876.35,2155601.02,-158383.94,-83493.3,-121402.6,0.63,0.64,-0.01
2024-03-01,2024-03,Canada,Central,2225920.95,819372.73,1406548.26,2352322.61,864525.03,1455056.56,-126401.66,-45152.3,-48508.3,0.63,0.62,0.01
2024-03-01,2024-03,Canada,East,2121478.92,777300.16,1344178.73,2231499.86,823954.4,1404362.67,-110020.94,-46654.24,-60183.94,0.63,0.63,0.0
2024-03-01,2024-03,Canada,International,1584442.37,581513.24,1002929.11,1672943.73,608374.36,1049087.1,-88501.36,-26861.12,-46157.99,0.63,0.63,0.01
2024-03-01,2024-03,Canada,West,2582156.26,939959.65,1642196.6,2731432.39,960761.63,1709377.27,-149276.13,-20801.98,-67180.67,0.64,0.63,0.01
2024-03-01,2024-03,UK,Central,1701775.64,615712.41,1086063.22,1766664.07,641345.09,1146067.61,-64888.43,-25632.68,-60004.39,0.64,0.65,-0.01
2024-03-01,2024-03,UK,East,1847390.09,667152.0,1180238.07,1877122.52,711883.71,1239203.9,-29732.43,-44731.71,-58965.83,0.64,0.66,-0.02
2024-03-01,2024-03,UK,International,1658160.77,603449.35,1054711.44,1720416.03,624814.95,1113247.8,-62255.26,-21365.6,-58536.36,0.64,0.65,-0.01
2024-03-01,2024-03,UK,West,2150161.72,786144.86,1364016.87,2262459.6,829044.55,1419410.8,-112297.88,-42899.69,-55393.93,0.63,0.63,0.01
2024-03-01,2024-03,USA,Central,2978119.63,1092998.07,1885121.57,3100809.2,1129080.28,1981904.46,-122689.57,-36082.21,-96782.89,0.63,0.64,-0.01
2024-03-01,2024-03,USA,East,3028498.83,1108310.98,1920187.83,3208878.53,1172011.6,2004374.55,-180379.7,-63700.62,-84186.72,0.63,0.62,0.01
2024-03-01,2024-03,USA,International,2454474.58,881402.88,1573071.71,2625610.15,915690.73,1639422.8,-171135.57,-34287.85,-66351.09,0.64,0.62,0.02
2024-03-01,2024-03,USA,West,3395489.08,1265657.89,2129831.21,3542978.12,1312210.54,2214921.26,-147489.04,-46552.65,-85090.05,0.63,0.63,0.0
2024-04-01,2024-04,Canada,Central,2320401.67,835211.14,1485190.53,2416344.24,879487.24,1513336.72,-95942.57,-44276.1,-28146.19,0.64,0.63,0.01
2024-04-01,2024-04,Canada,East,2324511.84,844341.17,1480170.67,2371569.2,895432.29,1546293.2,-47057.36,-51091.12,-66122.53,0.64,0.65,-0.02
2024-04-01,2024-04,Canada,International,1878801.4,677868.19,1200933.19,1950745.51,714270.33,1263571.22,-71944.11,-36402.14,-62638.03,0.64,0.65,-0.01
2024-04-01,2024-04,Canada,West,2623174.47,959338.07,1663836.4,2760853.54,1018034.19,1777730.87,-137679.07,-58696.12,-113894.47,0.63,0.64,-0.01
2024-04-01,2024-04,UK,Central,1932852.8,700303.27,1232549.53,2043117.21,736874.12,1290274.2,-110264.41,-36570.85,-57724.67,0.64,0.63,0.01
2024-04-01,2024-04,UK,East,1859709.56,690674.43,1169035.12,1930771.67,723081.37,1225125.65,-71062.11,-32406.94,-56090.53,0.63,0.63,-0.01
2024-04-01,2024-04,UK,International,1583530.03,566233.5,1017296.53,1655526.54,599951.57,1067697.13,-71996.51,-33718.07,-50400.6,0.64,0.64,-0.0
2024-04-01,2024-04,UK,West,2266517.63,835306.43,1431211.19,2384543.47,880807.66,1512361.37,-118025.84,-45501.23,-81150.18,0.63,0.63,-0.0
2024-04-01,2024-04,USA,Central,3078710.0,1128910.1,1949799.91,3188708.29,1196930.94,2010950.43,-109998.29,-68020.84,-61150.52,0.63,0.63,0.0
2024-04-01,2024-04,USA,East,2913625.23,1085951.89,1827673.36,3067111.33,1145151.95,1960630.81,-153486.1,-59200.06,-132957.45,0.63,0.64,-0.01
2024-04-01,2024-04,USA,International,2490272.82,905956.72,1584316.1,2611586.54,941766.7,1637341.91,-121313.72,-35809.98,-53025.81,0.64,0.63,0.01
2024-04-01,2024-04,USA,West,3598073.37,1306984.58,2291088.78,3807959.64,1351202.26,2395618.36,-209886.27,-44217.68,-104529.58,0.64,0.63,0.01
2024-05-01,2024-05,Canada,Central,2459473.73,899968.58,1559505.14,2601756.17,919283.88,1651312.09,-142282.44,-19315.3,-91806.95,0.63,0.63,-0.0
2024-05-01,2024-05,Canada,East,2245370.86,805271.54,1440099.32,2423843.17,842795.89,1512518.86,-178472.31,-37524.35,-72419.54,0.64,0.62,0.02
2024-05-01,2024-05,Canada,International,1911948.45,694844.0,1217104.44,1995068.94,741813.87,1270229.17,-83120.49,-46969.87,-53124.73,0.64,0.64,-0.0
2024-05-01,2024-05,Canada,West,2754751.19,1013335.67,1741415.54,2948406.56,1058881.03,1854614.84,-193655.37,-45545.36,-113199.3,0.63,0.63,0.0
2024-05-01,2024-05,UK,Central,1968739.4,717430.65,1251308.74,2098247.74,761779.19,1315216.73,-129508.34,-44348.54,-63907.99,0.64,0.63,0.01
2024-05-01,2024-05,UK,East,1925627.35,704698.58,1220928.77,2070416.34,734251.72,1286213.92,-144788.99,-29553.14,-65285.15,0.63,0.62,0.01
2024-05-01,2024-05,UK,International,1676905.28,598402.81,1078502.45,1763019.9,627949.08,1124918.83,-86114.62,-29546.27,-46416.38,0.64,0.64,0.01
2024-05-01,2024-05,UK,West,2227869.47,808236.59,1419632.87,2385783.42,850159.18,1461474.43,-157913.95,-41922.59,-41841.56,0.64,0.61,0.02
2024-05-01,2024-05,USA,Central,3063899.95,1120412.71,1943487.26,3178424.83,1177099.93,2031010.73,-114524.88,-56687.22,-87523.47,0.63,0.64,-0.0
2024-05-01,2024-05,USA,East,2868692.75,1049814.9,1818877.85,3036710.3,1098209.64,1920111.36,-168017.55,-48394.74,-101233.51,0.63,0.63,0.0
2024-05-01,2024-05,USA,International,2502186.84,914966.6,1587220.24,2650904.86,942891.38,1653125.26,-148718.02,-27924.78,-65905.02,0.63,0.62,0.01
2024-05-01,2024-05,USA,West,3567197.5,1293472.46,2273725.06,3766650.0,1360665.27,2384101.13,-199452.5,-67192.81,-110376.07,0.64,0.63,0.0
2024-06-01,2024-06,Canada,Central,2458598.91,897490.37,1561108.54,2599416.56,947332.09,1669333.72,-140817.65,-49841.72,-108225.18,0.64,0.64,-0.01
2024-06-01,2024-06,Canada,East,2330958.52,855538.53,1475420.01,2380588.94,900206.14,1524466.19,-49630.42,-44667.61,-49046.18,0.63,0.64,-0.01
2024-06-01,2024-06,Canada,International,1963000.56,712365.63,1250634.91,2074042.61,747438.69,1324603.72,-111042.05,-35073.06,-73968.81,0.64,0.64,-0.0
2024-06-01,2024-06,Canada,West,2856711.0,1028287.57,1828423.42,3034211.99,1064861.45,1911216.62,-177500.99,-36573.88,-82793.2,0.64,0.63,0.01
2024-06-01,2024-06,UK,Central,1961194.75,710118.89,1251075.86,2069507.71,741825.57,1330325.59,-108312.96,-31706.68,-79249.73,0.64,0.64,-0.0
2024-06-01,2024-06,UK,East,2024950.51,741080.74,1283869.78,2165086.24,791350.88,1342746.88,-140135.73,-50270.14,-58877.1,0.63,0.62,0.01
2024-06-01,2024-06,UK,International,1660974.97,594011.33,1066963.63,1758145.96,635785.4,1106867.62,-97170.99,-41774.07,-39903.99,0.64,0.63,0.01
2024-06-01,2024-06,UK,West,2321278.66,828911.66,1492366.99,2438252.23,871430.05,1558760.32,-116973.57,-42518.39,-66393.33,0.64,0.64,0.0
2024-06-01,2024-06,USA,Central,3191909.31,1159403.34,2032505.97,3369419.81,1222654.4,2142152.45,-177510.5,-63251.06,-109646.48,0.64,0.64,0.0
2024-06-01,2024-06,USA,East,2998158.56,1085053.18,1913105.4,3203588.01,1140475.81,1993632.89,-205429.45,-55422.63,-80527.49,0.64,0.62,0.02
2024-06-01,2024-06,USA,International,2673745.35,961031.06,1712714.29,2789007.7,1014760.78,1787864.85,-115262.35,-53729.72,-75150.56,0.64,0.64,-0.0
2024-06-01,2024-06,USA,West,3630521.66,1331101.22,2299420.46,3812436.26,1423006.71,2419185.83,-181914.6,-91905.49,-119765.37,0.63,0.63,-0.0
2024-07-01,2024-07,Canada,Central,2236477.87,818389.91,1418087.95,2353987.44,873247.38,1484864.79,-117509.57,-54857.47,-66776.84,0.63,0.63,0.0
2024-07-01,2024-07,Canada,East,2094140.13,765739.25,1328400.86,2253647.93,822510.33,1403265.54,-159507.8,-56771.08,-74864.68,0.63,0.62,0.01
2024-07-01,2024-07,Canada,International,1915669.44,691151.53,1224517.93,2012630.87,716666.33,1263827.37,-96961.43,-25514.8,-39309.44,0.64,0.63,0.01
2024-07-01,2024-07,Canada,West,2512567.06,914344.13,1598222.93,2634973.15,953731.05,1656888.23,-122406.09,-39386.92,-58665.3,0.64,0.63,0.01
2024-07-01,2024-07,UK,Central,1895382.09,695354.94,1200027.14,1948421.16,726788.82,1266509.73,-53039.07,-31433.88,-66482.59,0.63,0.65,-0.02
2024-07-01,2024-07,UK,East,1940529.11,693667.9,1246861.21,2011043.89,716017.66,1312336.59,-70514.78,-22349.76,-65475.38,0.64,0.65,-0.01
2024-07-01,2024-07,UK,International,1617195.17,586352.29,1030842.88,1694636.86,607281.23,1086487.78,-77441.69,-20928.94,-55644.9,0.64,0.64,-0.0
2024-07-01,2024-07,UK,West,2375727.54,875129.61,1500597.9,2477931.18,934141.88,1588889.68,-102203.64,-59012.27,-88291.78,0.63,0.64,-0.01
2024-07-01,2024-07,USA,Central,3278589.29,1214072.39,2064516.88,3437641.02,1305177.08,2166473.09,-159051.73,-91104.69,-101956.21,0.63,0.63,-0.0
2024-07-01,2024-07,USA,East,3014494.79,1109296.64,1905198.16,3166212.63,1172668.83,1992287.49,-151717.84,-63372.19,-87089.33,0.63,0.63,0.0
2024-07-01,2024-07,USA,International,2615063.13,966167.22,1648895.88,2718259.69,1018038.61,1725676.2,-103196.56,-51871.39,-76780.32,0.63,0.63,-0.0
2024-07-01,2024-07,USA,West,3776314.49,1356491.17,2419823.31,3930421.75,1409002.25,2588139.29,-154107.26,-52511.08,-168315.98,0.64,0.66,-0.02
2024-08-01,2024-08,Canada,Central,2350340.11,851510.05,1498830.07,2445037.31,903048.27,1587970.54,-94697.2,-51538.22,-89140.47,0.64,0.65,-0.01
2024-08-01,2024-08,Canada,East,2296511.6,824572.49,1471939.12,2436222.05,875241.58,1568079.55,-139710.45,-50669.09,-96140.43,0.64,0.64,-0.0
2024-08-01,2024-08,Canada,International,1861068.54,676836.27,1184232.26,1904731.65,708935.81,1231062.24,-43663.11,-32099.54,-46829.98,0.64,0.65,-0.01
2024-08-01,2024-08,Canada,West,2682711.19,968471.59,1714239.6,2798620.73,1011283.56,1780992.1,-115909.54,-42811.97,-66752.5,0.64,0.64,0.0
2024-08-01,2024-08,UK,Central,2003912.21,732645.68,1271266.53,2091961.69,769352.78,1313709.25,-88049.48,-36707.1,-42442.72,0.63,0.63,0.01
2024-08-01,2024-08,UK,East,1859001.04,666332.36,1192668.67,1930981.82,697689.64,1265178.83,-71980.78,-31357.28,-72510.16,0.64,0.66,-0.01
2024-08-01,2024-08,UK,International,1537112.3,548238.78,988873.53,1619763.78,575407.22,1039493.85,-82651.48,-27168.44,-50620.32,0.64,0.64,0.0
2024-08-01,2024-08,UK,West,2186591.16,802259.77,1384331.38,2315183.09,830016.22,1482867.8,-128591.93,-27756.45,-98536.42,0.63,0.64,-0.01
2024-08-01,2024-08,USA,Central,3173975.31,1175002.04,1998973.3,3282678.01,1230338.46,2096940.61,-108702.7,-55336.42,-97967.31,0.63,0.64,-0.01
2024-08-01,2024-08,USA,East,3089773.76,1131278.9,1958494.86,3233471.32,1199630.27,1990993.69,-143697.56,-68351.37,-32498.83,0.63,0.62,0.02
2024-08-01,2024-08,USA,International,2451021.43,907415.66,1543605.77,2578422.84,940618.53,1616830.55,-127401.41,-33202.87,-73224.78,0.63,0.63,0.0
2024-08-01,2024-08,USA,West,3749642.37,1358053.05,2391589.3,3934813.49,1431137.22,2516248.74,-185171.12,-73084.17,-124659.44,0.64,0.64,-0.0
2024-09-01,2024-09,Canada,Central,2564437.06,933797.42,1630639.65,2668821.53,972384.47,1716876.93,-104384.47,-38587.05,-86237.28,0.64,0.64,-0.01
2024-09-01,2024-09,Canada,East,2301763.36,836114.74,1465648.63,2381782.04,888617.01,1532585.66,-80018.68,-52502.27,-66937.03,0.64,0.64,-0.01
2024-09-01,2024-09,Canada,International,1883692.05,708751.97,1174940.09,1961937.43,746491.54,1273552.29,-78245.38,-37739.57,-98612.2,0.62,0.65,-0.03
2024-09-01,2024-09,Canada,West,2888499.77,1058380.57,1830119.2,3013597.16,1119982.69,1925676.59,-125097.39,-61602.12,-95557.39,0.63,0.64,-0.01
2024-09-01,2024-09,UK,Central,2047733.46,734606.8,1313126.67,2162650.9,765100.67,1390328.31,-114917.44,-30493.87,-77201.64,0.64,0.64,-0.0
2024-09-01,2024-09,UK,East,2055205.25,740360.71,1314844.54,2150342.34,781244.78,1398265.77,-95137.09,-40884.07,-83421.23,0.64,0.65,-0.01
2024-09-01,2024-09,UK,International,1760929.52,644797.49,1116132.02,1841423.34,669004.7,1167162.07,-80493.82,-24207.21,-51030.05,0.63,0.63,0.0
2024-09-01,2024-09,UK,West,2396777.95,885308.9,1511469.06,2525888.0,937891.84,1552974.22,-129110.05,-52582.94,-41505.16,0.63,0.61,0.02
2024-09-01,2024-09,USA,Central,3202870.6,1174407.24,2028463.37,3309582.2,1225041.42,2124540.37,-106711.6,-50634.18,-96077.0,0.63,0.64,-0.01
2024-09-01,2024-09,USA,East,3058118.92,1116230.85,1941888.06,3215864.98,1180996.19,2040593.43,-157746.06,-64765.34,-98705.37,0.64,0.63,0.0
2024-09-01,2024-09,USA,International,2633295.4,948788.98,1684506.44,2777018.73,995975.37,1768315.87,-143723.33,-47186.39,-83809.43,0.64,0.64,0.0
2024-09-01,2024-09,USA,West,3674888.34,1343850.62,2331037.73,3871388.27,1397712.28,2452694.44,-196499.93,-53861.66,-121656.71,0.63,0.63,0.0
2024-10-01,2024-10,Canada,Central,2447297.89,899323.05,1547974.8,2600374.9,940951.62,1646188.79,-153077.01,-41628.57,-98213.99,0.63,0.63,-0.0
2024-10-01,2024-10,Canada,East,2352290.89,848445.88,1503845.01,2436607.61,881050.97,1581106.49,-84316.72,-32605.09,-77261.48,0.64,0.65,-0.01
2024-10-01,2024-10,Canada,International,1907989.03,698604.2,1209384.82,1942753.67,714808.77,1291735.34,-34764.64,-16204.57,-82350.52,0.63,0.66,-0.03
2024-10-01,2024-10,Canada,West,2689395.71,984878.5,1704517.22,2804663.72,1038042.09,1848730.41,-115268.01,-53163.59,-144213.19,0.63,0.66,-0.03
2024-10-01,2024-10,UK,Central,2120372.02,786792.98,1333579.04,2177713.27,815373.81,1405299.86,-57341.25,-28580.83,-71720.82,0.63,0.65,-0.02
2024-10-01,2024-10,UK,East,1976607.16,724072.18,1252534.99,2067971.07,764201.74,1343018.74,-91363.91,-40129.56,-90483.75,0.63,0.65,-0.02
2024-10-01,2024-10,UK,International,1686279.88,614767.98,1071511.92,1778806.37,633782.89,1123865.0,-92526.49,-19014.91,-52353.08,0.64,0.63,0.0
2024-10-01,2024-10,UK,West,2396035.67,872276.96,1523758.72,2477259.75,910663.77,1598975.92,-81224.08,-38386.81,-75217.2,0.64,0.65,-0.01
2024-10-01,2024-10,USA,Central,3657537.32,1323284.74,2334252.58,3913863.96,1370969.92,2396542.04,-256326.64,-47685.18,-62289.46,0.64,0.61,0.03
2024-10-01,2024-10,USA,East,3362858.59,1219585.95,2143272.63,3535986.72,1286398.97,2238951.46,-173128.13,-66813.02,-95678.83,0.64,0.63,0.0
2024-10-01,2024-10,USA,International,2845216.84,1048878.69,1796338.17,3020478.67,1094500.64,1861365.66,-175261.83,-45621.95,-65027.49,0.63,0.62,0.02
2024-10-01,2024-10,USA,West,3846200.65,1404043.36,2442157.3,4084089.19,1455613.82,2566892.07,-237888.54,-51570.46,-124734.77,0.64,0.63,0.01
2024-11-01,2024-11,Canada,Central,2644622.8,962087.75,1682535.03,2745152.26,1024428.53,1780942.13,-100529.46,-62340.78,-98407.1,0.64,0.65,-0.01
2024-11-01,2024-11,Canada,East,2495408.91,916444.09,1578964.85,2633403.99,947558.51,1640637.74,-137995.08,-31114.42,-61672.89,0.63,0.62,0.01
2024-11-01,2024-11,Canada,International,2035698.61,758498.84,1277199.77,2129598.02,794680.61,1350602.24,-93899.41,-36181.77,-73402.47,0.63,0.63,-0.01
2024-11-01,2024-11,Canada,West,2843803.6,1053972.45,1789831.15,2944406.84,1114551.68,1855067.61,-100603.24,-60579.23,-65236.46,0.63,0.63,-0.0
2024-11-01,2024-11,UK,Central,2237300.93,815293.38,1422007.54,2346397.53,858783.35,1514098.99,-109096.6,-43489.97,-92091.45,0.64,0.65,-0.01
2024-11-01,2024-11,UK,East,2157081.55,780329.23,1376752.3,2260863.11,815761.1,1434940.47,-103781.56,-35431.87,-58188.17,0.64,0.63,0.0
2024-11-01,2024-11,UK,International,1807106.94,666767.52,1140339.41,1911691.72,693688.84,1153218.42,-104584.78,-26921.32,-12879.01,0.63,0.6,0.03
2024-11-01,2024-11,UK,West,2664302.48,974690.75,1689611.71,2778798.79,1027426.01,1803750.88,-114496.31,-52735.26,-114139.17,0.63,0.65,-0.01
2024-11-01,2024-11,USA,Central,3820652.39,1398152.83,2422499.55,3994069.0,1500037.9,2530859.25,-173416.61,-101885.07,-108359.7,0.63,0.63,0.0
2024-11-01,2024-11,USA,East,3116453.09,1113179.45,2003273.62,3249233.07,1177367.86,2134681.33,-132779.98,-64188.41,-131407.71,0.64,0.66,-0.01
2024-11-01,2024-11,USA,International,3027342.38,1077259.28,1950083.1,3175700.19,1126009.51,2022478.77,-148357.81,-48750.23,-72395.67,0.64,0.64,0.01
2024-11-01,2024-11,USA,West,4165075.74,1530227.45,2634848.28,4345754.22,1594860.46,2796790.57,-180678.48,-64633.01,-161942.29,0.63,0.64,-0.01
2024-12-01,2024-12,Canada,Central,2846155.12,1026217.4,1819937.7,3030552.74,1075342.34,1916569.3,-184397.62,-49124.94,-96631.6,0.64,0.63,0.01
2024-12-01,2024-12,Canada,East,2582484.57,940820.17,1641664.42,2767394.54,995124.14,1725701.56,-184909.97,-54303.97,-84037.14,0.64,0.62,0.01
2024-12-01,2024-12,Canada,International,2327934.1,843091.7,1484842.39,2455004.32,879821.59,1573840.4,-127070.22,-36729.89,-88998.01,0.64,0.64,-0.0
2024-12-01,2024-12,Canada,West,3199180.83,1163056.3,2036124.5,3411125.27,1213375.37,2096982.73,-211944.44,-50319.07,-60858.23,0.64,0.61,0.02
2024-12-01,2024-12,UK,Central,2344236.42,862944.84,1481291.58,2482439.9,911717.76,1533467.4,-138203.48,-48772.92,-52175.82,0.63,0.62,0.01
2024-12-01,2024-12,UK,East,2312707.86,844981.82,1467726.02,2466153.4,888837.88,1552106.31,-153445.54,-43856.06,-84380.29,0.63,0.63,0.01
2024-12-01,2024-12,UK,International,1868293.85,697936.42,1170357.43,1962335.33,716626.37,1208010.77,-94041.48,-18689.95,-37653.34,0.63,0.62,0.01
2024-12-01,2024-12,UK,West,2629127.55,952336.78,1676790.75,2797226.15,1008112.22,1752366.13,-168098.6,-55775.44,-75575.38,0.64,0.63,0.01
2024-12-01,2024-12,USA,Central,3443745.89,1255898.66,2187847.26,3638822.94,1305458.74,2323641.39,-195077.05,-49560.08,-135794.13,0.64,0.64,-0.0
2024-12-01,2024-12,USA,East,3702833.67,1349792.43,2353041.23,3889786.19,1406084.5,2475778.04,-186952.52,-56292.07,-122736.81,0.64,0.64,-0.0
2024-12-01,2024-12,USA,International,3040043.87,1108881.64,1931162.22,3264339.56,1185806.24,2054142.25,-224295.69,-76924.6,-122980.03,0.64,0.63,0.01
2024-12-01,2024-12,USA,West,4136669.28,1517421.6,2619247.67,4416676.54,1589337.46,2749246.6,-280007.26,-71915.86,-129998.93,0.63,0.62,0.01
2025-01-01,2025-01,Canada,Central,2367911.56,859131.15,1508780.38,2518852.23,905772.63,1587847.71,-150940.67,-46641.48,-79067.33,0.64,0.63,0.01
2025-01-01,2025-01,Canada,East,2133796.32,790785.12,1343011.19,2218852.29,832783.12,1421934.85,-85055.97,-41998.0,-78923.66,0.63,0.64,-0.01
2025-01-01,2025-01,Canada,International,1870058.24,682882.71,1187175.54,1980826.35,711889.85,1250983.89,-110768.11,-29007.14,-63808.35,0.63,0.63,0.0
2025-01-01,2025-01,Canada,West,2630733.45,936627.29,1694106.16,2824086.79,973879.97,1790124.44,-193353.34,-37252.68,-96018.28,0.64,0.63,0.01
2025-01-01,2025-01,UK,Central,1903758.98,693991.87,1209767.12,1986700.98,717055.05,1271756.16,-82942.0,-23063.18,-61989.04,0.64,0.64,-0.0
2025-01-01,2025-01,UK,East,1862952.35,676181.52,1186770.8,1987511.84,715932.23,1228467.34,-124559.49,-39750.71,-41696.54,0.64,0.62,0.02
2025-01-01,2025-01,UK,International,1618835.89,586042.68,1032793.21,1687038.23,610551.81,1078142.98,-68202.34,-24509.13,-45349.77,0.64,0.64,-0.0
2025-01-01,2025-01,UK,West,2306391.75,856992.75,1449398.99,2440310.32,897178.64,1479950.71,-133918.57,-40185.89,-30551.72,0.63,0.61,0.02
2025-01-01,2025-01,USA,Central,3108014.6,1150449.4,1957565.18,3317645.22,1214530.96,2053711.07,-209630.62,-64081.56,-96145.89,0.63,0.62,0.01
2025-01-01,2025-01,USA,East,2964549.67,1088429.56,1876120.1,3121525.5,1154010.86,1959742.93,-156975.83,-65581.3,-83622.83,0.63,0.63,0.01
2025-01-01,2025-01,USA,International,2614517.11,937461.41,1677055.7,2791401.45,994401.91,1727756.37,-176884.34,-56940.5,-50700.67,0.64,0.62,0.02
2025-01-01,2025-01,USA,West,3548638.61,1289892.37,2258746.26,3730294.15,1345099.8,2404528.93,-181655.54,-55207.43,-145782.67,0.64,0.64,-0.01
2025-02-01,2025-02,Canada,Central,2316863.3,845982.03,1470881.29,2470198.11,885853.62,1567183.62,-153334.81,-39871.59,-96302.33,0.63,0.63,0.0
2025-02-01,2025-02,Canada,East,2336730.56,853616.59,1483113.98,2401116.0,881834.15,1578019.88,-64385.44,-28217.56,-94905.9,0.63,0.66,-0.02
2025-02-01,2025-02,Canada,International,1843902.08,681330.96,1162571.14,1936854.32,723791.92,1205611.08,-92952.24,-42460.96,-43039.94,0.63,0.62,0.01
2025-02-01,2025-02,Canada,West,2550284.37,924904.1,1625380.27,2655315.85,975623.12,1709288.75,-105031.48,-50719.02,-83908.48,0.64,0.64,-0.01
2025-02-01,2025-02,UK,Central,2051286.9,752394.88,1298892.01,2175229.4,773226.18,1387758.31,-123942.5,-20831.3,-88866.3,0.63,0.64,-0.0
2025-02-01,2025-02,UK,East,1840742.5,674327.05,1166415.5,1933701.74,712405.54,1202868.21,-92959.24,-38078.49,-36452.71,0.63,0.62,0.01
2025-02-01,2025-02,UK,International,1631466.2,592468.62,1038997.59,1755906.77,622392.15,1101499.33,-124440.57,-29923.53,-62501.74,0.64,0.63,0.01
2025-02-01,2025-02,UK,West,2379930.76,865522.2,1514408.55,2529524.14,911971.94,1594036.38,-149593.38,-46449.74,-79627.83,0.64,0.63,0.01
2025-02-01,2025-02,USA,Central,3194934.26,1178305.87,2016628.4,3306529.02,1212197.75,2144853.13,-111594.76,-33891.88,-128224.73,0.63,0.65,-0.02
2025-02-01,2025-02,USA,East,2893770.79,1063359.97,1830410.82,3040157.26,1097780.5,1954521.12,-146386.47,-34420.53,-124110.3,0.63,0.64,-0.01
2025-02-01,2025-02,USA,International,2630898.15,967732.37,1663165.79,2774071.67,1016815.37,1743642.97,-143173.52,-49083.0,-80477.18,0.63,0.63,0.0
2025-02-01,2025-02,USA,West,3532237.79,1269272.55,2262965.21,3697078.88,1354048.85,2361979.03,-164841.09,-84776.3,-99013.82,0.64,0.64,0.0
2025-03-01,2025-03,Canada,Central,2311915.77,848554.85,1463360.9,2433235.59,875839.28,1559835.41,-121319.82,-27284.43,-96474.51,0.63,0.64,-0.01
2025-03-01,2025-03,Canada,East,2494304.54,885254.29,1609050.22,2630695.7,916916.08,1650687.87,-136391.16,-31661.79,-41637.65,0.65,0.63,0.02
2025-03-01,2025-03,Canada,International,1869252.79,677210.78,1192042.02,1988308.92,717598.44,1247871.6,-119056.13,-40387.66,-55829.58,0.64,0.63,0.01
2025-03-01,2025-03,Canada,West,2720661.86,1002659.58,1718002.3,2845690.71,1039111.59,1789710.69,-125028.85,-36452.01,-71708.39,0.63,0.63,0.0
2025-03-01,2025-03,UK,Central,2109353.26,780620.43,1328732.83,2233429.44,832483.2,1420412.48,-124076.18,-51862.77,-91679.65,0.63,0.64,-0.01
2025-03-01,2025-03,UK,East,1962531.06,725904.23,1236626.85,2070821.55,752922.16,1290495.35,-108290.49,-27017.93,-53868.5,0.63,0.62,0.01
2025-03-01,2025-03,UK,International,1564440.38,587488.51,976951.88,1665491.92,600537.19,1029333.75,-101051.54,-13048.68,-52381.87,0.62,0.62,0.01
2025-03-01,2025-03,UK,West,2300637.76,861601.68,1439036.06,2406426.39,871086.41,1499979.41,-105788.63,-9484.73,-60943.35,0.63,0.62,0.0
2025-03-01,2025-03,USA,Central,3227060.74,1174118.77,2052941.98,3418597.52,1228760.29,2170542.58,-191536.78,-54641.52,-117600.6,0.64,0.63,0.0
2025-03-01,2025-03,USA,East,3209102.56,1151436.58,2057665.97,3381884.24,1205830.22,2155424.32,-172781.68,-54393.64,-97758.35,0.64,0.64,0.0
2025-03-01,2025-03,USA,International,2556851.87,947560.76,1609291.1,2650865.25,1004346.18,1691570.17,-94013.38,-56785.42,-82279.07,0.63,0.64,-0.01
2025-03-01,2025-03,USA,West,3720094.99,1371742.86,2348352.14,3916184.87,1464371.89,2489006.7,-196089.88,-92629.03,-140654.56,0.63,0.64,-0.0
2025-04-01,2025-04,Canada,Central,2418737.23,871377.67,1547359.58,2533348.99,897877.84,1621369.76,-114611.76,-26500.17,-74010.18,0.64,0.64,-0.0
2025-04-01,2025-04,Canada,East,2386542.56,869307.46,1517235.09,2500386.48,900377.38,1610143.41,-113843.92,-31069.92,-92908.32,0.64,0.64,-0.01
2025-04-01,2025-04,Canada,International,2024908.55,727272.24,1297636.3,2100460.43,754948.63,1356893.17,-75551.88,-27676.39,-59256.87,0.64,0.65,-0.01
2025-04-01,2025-04,Canada,West,2943952.05,1085706.26,1858245.79,3074499.11,1137697.48,1910062.54,-130547.06,-51991.22,-51816.75,0.63,0.62,0.01
2025-04-01,2025-04,UK,Central,2074161.32,746759.6,1327401.73,2173385.1,783779.62,1413940.5,-99223.78,-37020.02,-86538.77,0.64,0.65,-0.01
2025-04-01,2025-04,UK,East,2053493.46,753342.17,1300151.28,2203255.66,779236.29,1346143.65,-149762.2,-25894.12,-45992.37,0.63,0.61,0.02
2025-04-01,2025-04,UK,International,1620353.22,593228.09,1027125.13,1695270.94,620495.75,1084862.4,-74917.72,-27267.66,-57737.27,0.63,0.64,-0.01
2025-04-01,2025-04,UK,West,2580794.2,941543.62,1639250.57,2721926.6,981817.29,1694060.87,-141132.4,-40273.67,-54810.3,0.64,0.62,0.01
2025-04-01,2025-04,USA,Central,3281057.26,1204009.86,2077047.41,3428338.85,1249036.75,2204392.88,-147281.59,-45026.89,-127345.47,0.63,0.64,-0.01
2025-04-01,2025-04,USA,East,3189331.54,1144682.14,2044649.41,3336516.59,1196078.56,2126940.93,-147185.05,-51396.42,-82291.52,0.64,0.64,0.0
2025-04-01,2025-04,USA,International,2810799.46,1020777.67,1790021.79,2957132.27,1068113.7,1890785.35,-146332.81,-47336.03,-100763.56,0.64,0.64,-0.0
2025-04-01,2025-04,USA,West,3742200.63,1355459.17,2386741.46,3897652.54,1409043.43,2475566.95,-155451.91,-53584.26,-88825.49,0.64,0.64,0.0
2025-05-01,2025-05,Canada,Central,2575424.82,963463.66,1611961.16,2677187.49,1001461.87,1655841.38,-101762.67,-37998.21,-43880.22,0.63,0.62,0.01
2025-05-01,2025-05,Canada,East,2379119.72,878303.48,1500816.22,2493178.62,930117.22,1583555.98,-114058.9,-51813.74,-82739.76,0.63,0.64,-0.0
2025-05-01,2025-05,Canada,International,2104384.38,765348.01,1339036.39,2202985.89,789445.14,1391629.99,-98601.51,-24097.13,-52593.6,0.64,0.63,0.0
2025-05-01,2025-05,Canada,West,3093410.48,1127981.5,1965429.01,3238902.56,1187208.38,2065005.34,-145492.08,-59226.88,-99576.33,0.64,0.64,-0.0
2025-05-01,2025-05,UK,Central,2232913.1,803537.71,1429375.38,2333589.6,833735.91,1491424.02,-100676.5,-30198.2,-62048.64,0.64,0.64,0.0
2025-05-01,2025-05,UK,East,2165957.39,787312.89,1378644.52,2304992.34,834472.42,1443204.12,-139034.95,-47159.53,-64559.6,0.64,0.63,0.01
2025-05-01,2025-05,UK,International,1780827.08,647310.78,1133516.31,1856261.15,672844.27,1183975.08,-75434.07,-25533.49,-50458.77,0.64,0.64,-0.0
2025-05-01,2025-05,UK,West,2636573.28,950841.31,1685731.96,2767428.0,1004152.07,1785389.19,-130854.72,-53310.76,-99657.23,0.64,0.65,-0.01
2025-05-01,2025-05,USA,Central,3380080.35,1220927.03,2159153.32,3570772.55,1275427.44,2244756.0,-190692.2,-54500.41,-85602.68,0.64,0.63,0.01
2025-05-01,2025-05,USA,East,3198232.62,1153021.64,2045210.99,3368826.51,1206999.2,2141826.4,-170593.89,-53977.56,-96615.41,0.64,0.64,0.0
2025-05-01,2025-05,USA,International,2755970.74,995594.54,1760376.2,2942143.02,1047621.39,1868707.83,-186172.28,-52026.85,-108331.63,0.64,0.64,0.0
2025-05-01,2025-05,USA,West,3699429.37,1357031.63,2342397.77,3844327.15,1432938.98,2467892.11,-144897.78,-75907.35,-125494.34,0.63,0.64,-0.01
2025-06-01,2025-06,Canada,Central,2563699.59,930418.9,1633280.66,2676836.17,959966.46,1717447.08,-113136.58,-29547.56,-84166.42,0.64,0.64,-0.0
2025-06-01,2025-06,Canada,East,2413832.28,878268.08,1535564.2,2518101.38,934144.64,1590956.99,-104269.1,-55876.56,-55392.79,0.64,0.63,0.0
2025-06-01,2025-06,Canada,International,2131661.41,774720.95,1356940.45,2233931.7,809563.96,1425374.2,-102270.29,-34843.01,-68433.75,0.64,0.64,-0.0
2025-06-01,2025-06,Canada,West,2972103.05,1090895.16,1881207.87,3099654.39,1143321.77,1995678.98,-127551.34,-52426.61,-114471.11,0.63,0.64,-0.01
2025-06-01,2025-06,UK,Central,2178926.7,806975.92,1371950.78,2314454.21,847289.79,1455038.99,-135527.51,-40313.87,-83088.21,0.63,0.63,0.0
2025-06-01,2025-06,UK,East,2050964.61,749472.67,1301491.92,2143912.06,799730.95,1334691.86,-92947.45,-50258.28,-33199.94,0.63,0.62,0.01
2025-06-01,2025-06,UK,International,1753888.02,638924.89,1114963.14,1837776.45,675286.31,1165870.35,-83888.43,-36361.42,-50907.21,0.64,0.63,0.0
2025-06-01,2025-06,UK,West,2612477.83,944286.73,1668191.09,2710369.12,999586.7,1748749.68,-97891.29,-55299.97,-80558.59,0.64,0.65,-0.01
2025-06-01,2025-06,USA,Central,3504908.91,1278315.34,2226593.54,3651491.53,1360428.4,2405068.35,-146582.62,-82113.06,-178474.81,0.64,0.66,-0.02
2025-06-01,2025-06,USA,East,3179178.62,1142458.24,2036720.4,3447517.02,1205753.14,2121834.09,-268338.4,-63294.9,-85113.69,0.64,0.62,0.03
2025-06-01,2025-06,USA,International,2645680.89,969740.42,1675940.47,2833917.65,1027639.98,1787936.14,-188236.76,-57899.56,-111995.67,0.63,0.63,0.0
2025-06-01,2025-06,USA,West,4209343.52,1531520.22,2677823.3,4462294.1,1601644.51,2795819.35,-252950.58,-70124.29,-117996.05,0.64,0.63,0.01
2025-07-01,2025-07,Canada,Central,2540237.63,904107.78,1636129.87,2603012.45,942767.93,1714544.27,-62774.82,-38660.15,-78414.4,0.64,0.66,-0.01
2025-07-01,2025-07,Canada,East,2476049.86,900161.64,1575888.22,2620721.4,953102.22,1665921.72,-144671.54,-52940.58,-90033.5,0.64,0.64,0.0
2025-07-01,2025-07,Canada,International,2051315.89,746855.09,1304460.81,2156288.65,784201.22,1353754.91,-104972.76,-37346.13,-49294.1,0.64,0.63,0.01
2025-07-01,2025-07,Canada,West,2972528.89,1083357.29,1889171.58,3097426.83,1149356.26,1967658.62,-124897.94,-65998.97,-78487.04,0.64,0.64,0.0
2025-07-01,2025-07,UK,Central,2080074.61,761862.02,1318212.57,2191167.39,799642.7,1383893.54,-111092.78,-37780.68,-65680.97,0.63,0.63,0.0
2025-07-01,2025-07,UK,East,2068959.29,756268.47,1312690.81,2166248.43,796860.47,1373819.89,-97289.14,-40592.0,-61129.08,0.63,0.63,0.0
2025-07-01,2025-07,UK,International,1782890.91,650225.88,1132665.03,1874313.39,674352.88,1194204.28,-91422.48,-24127.0,-61539.25,0.64,0.64,-0.0
2025-07-01,2025-07,UK,West,2420046.2,886458.15,1533588.06,2516328.41,939649.65,1590958.26,-96282.21,-53191.5,-57370.2,0.63,0.63,0.0
2025-07-01,2025-07,USA,Central,3734249.9,1344961.98,2389287.94,3921103.56,1379664.84,2462206.17,-186853.66,-34702.86,-72918.23,0.64,0.63,0.01
2025-07-01,2025-07,USA,East,3416667.4,1229238.93,2187428.44,3602448.96,1305167.69,2295713.12,-185781.56,-75928.76,-108284.68,0.64,0.64,0.0
2025-07-01,2025-07,USA,International,2723932.75,1002251.25,1721681.49,2901793.86,1051051.71,1770701.16,-177861.11,-48800.46,-49019.67,0.63,0.61,0.02
2025-07-01,2025-07,USA,West,4061562.85,1453287.16,2608275.7,4311761.67,1524020.96,2724810.95,-250198.82,-70733.8,-116535.25,0.64,0.63,0.01
2025-08-01,2025-08,Canada,Central,2611004.37,945450.51,1665553.86,2709143.52,1006138.97,1753428.08,-98139.15,-60688.46,-87874.22,0.64,0.65,-0.01
2025-08-01,2025-08,Canada,East,2427322.54,879827.86,1547494.71,2557356.39,936344.68,1635896.24,-130033.85,-56516.82,-88401.53,0.64,0.64,-0.0
2025-08-01,2025-08,Canada,International,1916990.95,684360.93,1232630.03,2023296.43,713194.94,1284518.51,-106305.48,-28834.01,-51888.48,0.64,0.63,0.01
2025-08-01,2025-08,Canada,West,2924693.64,1054836.75,1869856.89,3029524.8,1092990.62,1965988.17,-104831.16,-38153.87,-96131.28,0.64,0.65,-0.01
2025-08-01,2025-08,UK,Central,2090369.78,764343.59,1326026.19,2175234.06,794886.4,1371792.99,-84864.28,-30542.81,-45766.8,0.63,0.63,0.0
2025-08-01,2025-08,UK,East,2106341.04,773940.09,1332400.95,2202269.44,796145.01,1389547.92,-95928.4,-22204.92,-57146.97,0.63,0.63,0.0
2025-08-01,2025-08,UK,International,1716954.87,623038.27,1093916.6,1774917.65,656469.61,1146367.9,-57962.78,-33431.34,-52451.3,0.64,0.65,-0.01
2025-08-01,2025-08,UK,West,2616143.17,954576.81,1661566.33,2729123.22,1005434.86,1752382.89,-112980.05,-50858.05,-90816.56,0.64,0.64,-0.01
2025-08-01,2025-08,USA,Central,3666578.04,1340581.78,2325996.27,3788152.55,1412552.5,2458841.3,-121574.51,-71970.72,-132845.03,0.63,0.65,-0.01
2025-08-01,2025-08,USA,East,3406836.38,1215433.33,2191403.03,3553829.92,1275366.54,2312383.44,-146993.54,-59933.21,-120980.41,0.64,0.65,-0.01
2025-08-01,2025-08,USA,International,2782095.27,1012983.46,1769111.81,2930133.9,1066102.2,1847024.9,-148038.63,-53118.74,-77913.09,0.64,0.63,0.01
2025-08-01,2025-08,USA,West,4072211.68,1490259.23,2581952.46,4315238.8,1553421.42,2737174.9,-243027.12,-63162.19,-155222.44,0.63,0.63,-0.0
2025-09-01,2025-09,Canada,Central,2688246.9,983664.14,1704582.75,2813893.35,1036285.33,1787258.84,-125646.45,-52621.19,-82676.09,0.63,0.64,-0.0
2025-09-01,2025-09,Canada,East,2564151.91,925670.76,1638481.19,2682895.71,950808.97,1711902.13,-118743.8,-25138.21,-73420.94,0.64,0.64,0.0
2025-09-01,2025-09,Canada,International,2196897.76,791433.24,1405464.54,2272990.26,825687.46,1480541.66,-76092.5,-34254.22,-75077.12,0.64,0.65,-0.01
2025-09-01,2025-09,Canada,West,3090211.28,1143531.11,1946680.17,3220513.8,1199472.67,2019086.68,-130302.52,-55941.56,-72406.51,0.63,0.63,0.0
2025-09-01,2025-09,UK,Central,2381937.3,866790.92,1515146.37,2493893.33,913643.29,1600053.02,-111956.03,-46852.37,-84906.65,0.64,0.64,-0.01
2025-09-01,2025-09,UK,East,2159121.47,789870.27,1369251.19,2265315.26,843820.64,1443143.11,-106193.79,-53950.37,-73891.92,0.63,0.64,-0.0
2025-09-01,2025-09,UK,International,1730200.47,638088.15,1092112.31,1799022.55,669326.23,1152889.48,-68822.08,-31238.08,-60777.17,0.63,0.64,-0.01
2025-09-01,2025-09,UK,West,2551459.36,934010.43,1617448.93,2691202.25,986809.98,1695227.54,-139742.89,-52799.55,-77778.61,0.63,0.63,0.0
2025-09-01,2025-09,USA,Central,3513102.09,1282854.18,2230247.93,3697728.97,1362827.73,2323848.18,-184626.88,-79973.55,-93600.25,0.63,0.63,0.01
2025-09-01,2025-09,USA,East,3411702.78,1229812.78,2181890.01,3567417.99,1274623.47,2306416.81,-155715.21,-44810.69,-124526.8,0.64,0.65,-0.01
2025-09-01,2025-09,USA,International,3050005.67,1084211.47,1965794.2,3162519.14,1143499.74,2051128.49,-112513.47,-59288.27,-85334.29,0.64,0.65,-0.0
2025-09-01,2025-09,USA,West,4160754.87,1510548.71,2650206.18,4336540.72,1593185.81,2772006.87,-175785.85,-82637.1,-121800.69,0.64,0.64,-0.0
2025-10-01,2025-10,Canada,Central,2631724.89,934004.29,1697720.61,2770541.85,987478.95,1799448.8,-138816.96,-53474.66,-101728.19,0.65,0.65,-0.0
2025-10-01,2025-10,Canada,East,2810058.23,1011943.35,1798114.91,2939778.31,1067588.61,1888410.75,-129720.08,-55645.26,-90295.84,0.64,0.64,-0.0
2025-10-01,2025-10,Canada,International,2191228.42,799445.85,1391782.55,2335252.65,842692.39,1482577.56,-144024.23,-43246.54,-90795.01,0.64,0.63,0.0
2025-10-01,2025-10,Canada,West,3215459.07,1166861.51,2048597.55,3334828.01,1256286.25,2133309.16,-119368.94,-89424.74,-84711.61,0.64,0.64,-0.0
2025-10-01,2025-10,UK,Central,2242659.12,816844.81,1425814.31,2387023.74,862576.48,1491513.02,-144364.62,-45731.67,-65698.71,0.64,0.62,0.01
2025-10-01,2025-10,UK,East,2181897.2,799696.48,1382200.72,2294638.84,831635.9,1447083.5,-112741.64,-31939.42,-64882.78,0.63,0.63,0.0
2025-10-01,2025-10,UK,International,1877450.44,683164.21,1194286.25,1997086.46,709409.31,1250617.9,-119636.02,-26245.1,-56331.65,0.64,0.63,0.01
2025-10-01,2025-10,UK,West,2566699.93,942360.48,1624339.44,2724827.16,986959.86,1683290.92,-158127.23,-44599.38,-58951.48,0.63,0.62,0.02
2025-10-01,2025-10,USA,Central,3677793.2,1331987.8,2345805.4,3886621.01,1390706.99,2462232.99,-208827.81,-58719.19,-116427.59,0.64,0.63,0.0
2025-10-01,2025-10,USA,East,3402266.78,1259327.95,2142938.83,3647939.3,1295794.06,2242089.02,-245672.52,-36466.11,-99150.19,0.63,0.61,0.02
2025-10-01,2025-10,USA,International,2797163.06,1018451.36,1778711.7,2941454.58,1082249.68,1872283.11,-144291.52,-63798.32,-93571.41,0.64,0.64,-0.0
2025-10-01,2025-10,USA,West,4219015.96,1525039.19,2693976.77,4404438.41,1607658.86,2824426.91,-185422.45,-82619.67,-130450.14,0.64,0.64,-0.0
2025-11-01,2025-11,Canada,Central,2892744.6,1060553.82,1832190.79,2979907.14,1104671.52,1936394.77,-87162.54,-44117.7,-104203.98,0.63,0.65,-0.02
2025-11-01,2025-11,Canada,East,2608524.62,959790.62,1648733.99,2718204.46,1002913.79,1738753.07,-109679.84,-43123.17,-90019.08,0.63,0.64,-0.01
2025-11-01,2025-11,Canada,International,2347250.68,852755.19,1494495.5,2450084.77,890569.29,1549786.05,-102834.09,-37814.1,-55290.55,0.64,0.63,0.0
2025-11-01,2025-11,Canada,West,3278025.88,1177155.74,2100870.16,3494498.46,1251066.78,2208386.14,-216472.58,-73911.04,-107515.98,0.64,0.63,0.01
2025-11-01,2025-11,UK,Central,2508771.36,915885.6,1592885.75,2629539.46,969464.49,1631668.08,-120768.1,-53578.89,-38782.33,0.63,0.62,0.01
2025-11-01,2025-11,UK,East,2165463.19,777195.04,1388268.16,2288727.81,798694.66,1466369.8,-123264.62,-21499.62,-78101.64,0.64,0.64,0.0
2025-11-01,2025-11,UK,International,1923607.26,710950.64,1212656.61,1980771.05,737008.21,1290311.06,-57163.79,-26057.57,-77654.45,0.63,0.65,-0.02
2025-11-01,2025-11,UK,West,2852228.42,1035855.33,1816373.08,3033151.41,1088186.06,1917555.26,-180922.99,-52330.73,-101182.18,0.64,0.63,0.0
2025-11-01,2025-11,USA,Central,3896007.33,1416344.6,2479662.74,4112096.51,1531757.27,2623794.36,-216089.18,-115412.67,-144131.62,0.64,0.64,-0.0
2025-11-01,2025-11,USA,East,3536088.71,1271228.72,2264859.97,3640586.09,1341892.43,2387939.53,-104497.38,-70663.71,-123079.56,0.64,0.66,-0.02
2025-11-01,2025-11,USA,International,3182287.16,1140848.25,2041438.9,3369968.23,1202634.74,2118289.23,-187681.07,-61786.49,-76850.33,0.64,0.63,0.01
2025-11-01,2025-11,USA,West,4323584.05,1582452.95,2741131.09,4480245.1,1664743.04,2845676.75,-156661.05,-82290.09,-104545.66,0.63,0.64,-0.0
2025-12-01,2025-12,Canada,Central,3025124.45,1091603.65,1933520.82,3200691.05,1147189.53,2027610.86,-175566.6,-55585.88,-94090.04,0.64,0.63,0.01
2025-12-01,2025-12,Canada,East,2801429.83,1012151.67,1789278.16,2911521.41,1027865.0,1856587.08,-110091.58,-15713.33,-67308.92,0.64,0.64,0.0
2025-12-01,2025-12,Canada,International,2370182.34,840429.62,1529752.73,2496863.6,878958.51,1590800.24,-126681.26,-38528.89,-61047.51,0.65,0.64,0.01
2025-12-01,2025-12,Canada,West,3432962.99,1270125.99,2162836.98,3617090.55,1334207.11,2275959.64,-184127.56,-64081.12,-113122.66,0.63,0.63,0.0
2025-12-01,2025-12,UK,Central,2569337.79,936617.33,1632720.46,2757089.75,991435.78,1712396.01,-187751.96,-54818.45,-79675.55,0.64,0.62,0.01
2025-12-01,2025-12,UK,East,2611527.7,970281.23,1641246.49,2748395.79,1028432.38,1731614.1,-136868.09,-58151.15,-90367.61,0.63,0.63,-0.0
2025-12-01,2025-12,UK,International,2079400.51,757407.08,1321993.41,2132557.92,804593.56,1405289.06,-53157.41,-47186.48,-83295.65,0.64,0.66,-0.02
2025-12-01,2025-12,UK,West,2920249.48,1054183.83,1866065.65,3066243.96,1119465.15,1974931.54,-145994.48,-65281.32,-108865.89,0.64,0.64,-0.01
2025-12-01,2025-12,USA,Central,4064923.22,1469656.66,2595266.57,4298566.24,1548971.18,2755381.15,-233643.02,-79314.52,-160114.58,0.64,0.64,-0.0
2025-12-01,2025-12,USA,East,3880742.35,1409436.85,2471305.46,4052678.48,1468028.82,2580083.83,-171936.13,-58591.97,-108778.37,0.64,0.64,0.0
2025-12-01,2025-12,USA,International,3332498.65,1220325.55,2112173.1,3492964.41,1274487.08,2234209.48,-160465.76,-54161.53,-122036.38,0.63,0.64,-0.01
2025-12-01,2025-12,USA,West,4663426.48,1688177.3,2975249.16,4787927.61,1755896.44,3055532.23,-124501.13,-67719.14,-80283.07,0.64,0.64,-0.0
